"loc","model","subset.data","smooth.interval","lhs.row","loglik","se","V_wane_rate","rec_rate","V_fail_rate","V_symptom_rate","beta0","beta1","beta_mod_A","rho","sigmaSE","lag","S_0","I_0","A_0","V_0"
"US","all.equal","all","two.weeks",755,-5865.13137022474,21.5934763060804,0.00370516230308829,0.0314114852937748,0.984618429527504,0.0089322944064336,0.0322923000498031,0.0845118051872496,0.601070463809442,0.971482989351147,1.00334318716688,0.308551947163922,0.00295039281676585,5.21416780264503e-06,8.29851892741767e-07,0.997043563163539
"US","all.equal","all","two.weeks",478,-5829.87814538537,11.0982300075902,0.000601230083416996,0.0441851240445837,0.438979269265622,0.427725229678847,0.0475864621013756,0.121563727856393,0.000626279361798056,0.00593106302296488,1.0429298894433,0.243395548364441,0.998684027687398,8.17323801389509e-05,0.00122109104601354,1.31488864491637e-05
"US","all.equal","all","two.weeks",462,-5862.28798504651,10.8587399787123,0.00633111093160144,0.017276220686536,8.79903247237794e-05,0.734416365487162,0.0177409404746462,0.225774792463748,0.00187209016998415,0.00833374555736583,1.2959633584931,0.329981621416762,5.3576000000663e-05,0.000338385135542743,0.538545169333547,0.461062869530909
"US","all.equal","all","two.weeks",912,-5882.96974289466,2.78691452137871,0.0258275163617679,0.0569893979883212,0.101975471634293,0.415428341867363,0.0564223091679602,0.10848371673662,0.0120777653919954,0.00326157146201528,0.906601960119413,0.256366477247366,6.27089331519364e-05,0.000161139521231848,0.000802216779433791,0.998973934766182
"US","all.equal","all","two.weeks",1052,-5879.93470215033,9.7896925026034,0.430559809076916,0.0615524172573375,0.0182991933171378,0.078811313909641,0.0652015907795175,0.128463248143271,0.838999285609971,3.040419797329e-05,1.00623890336091,0.359223997777004,0.0948913863459737,0.00900275858798398,0.00196469638983612,0.894141158676206
"US","all.equal","all","two.weeks",399,-5883.72118419319,13.3398902209888,0.00251671476168374,0.052153758910136,0.831203919780473,0.170902653099932,0.0532310584980332,0.0955780476415045,0.984903844727562,0.756399068760912,0.868398952300341,0.275004790430023,0.0430558410532834,7.55058825130618e-07,5.35406369564343e-07,0.956942868481522
"US","all.equal","all","two.weeks",1890,-5835.24773619547,9.30834715351827,0.0181029321989529,0.0303903721669757,0.0329999857945409,0.894420287067549,0.0301638192938232,0.178773437362447,0.289099945610032,0.985419525569221,1.08213121482941,0.307545387628254,0.000147042455759889,2.14464610220518e-06,2.14311815277949e-06,0.999848669779985
"US","all.equal","all","two.weeks",558,-6067.3246795417,42.3332931940954,0.00952258012559653,0.0414623231998134,0.992862793099458,0.00165983444800607,0.0426621400919892,0.0941444024327481,0.102427726555096,0.0466263795026552,0.734264161489016,0.220162883584502,0.000248853722688918,1.98253064591495e-05,0.000403501789760585,0.999327819181091
"US","all.equal","all","two.weeks",1767,-5941.32822779556,10.7778626357919,0.0119706327158258,0.0343125546007214,0.718297482842357,0.344901857428752,0.0341101387874898,0.113629243687223,0.00244829686676671,0.00289834744527666,0.909941644157788,0.242363150184166,5.61589326591922e-05,0.00185330994233933,0.0923433260211583,0.905747205103843
"US","all.equal","all","two.weeks",597,-5869.27175511406,3.17424376512673,0.000806831044487572,0.038960587936731,0.980173492635473,0.05872231902971,0.0442309075110671,0.0793948269122216,0.770349257200646,0.000386983475368728,1.08614722500439,0.357290643420639,0.0180101196073715,0.000307515920844848,0.0328867069684812,0.948795657503302
"US","all.equal","all","two.weeks",166,-5883.33311804561,7.13050306143399,0.0033639305758474,0.0194974037523238,0.0776348269779714,0.00982791767732883,0.021750850662474,0.104193136826001,0.0778235715178006,0.000557114629365504,1.33512567535245,0.282074894576264,0.00174617428930137,0.00164511635438185,0.534903765209132,0.461704944147185
"US","all.equal","all","two.weeks",1443,-5936.39688988228,9.97433733085911,0.0296030334982775,0.0333560908315393,0.345775425081007,0.0635490752455986,0.0345397767437364,0.0252268366370603,0.0706320711940215,0.0627259270023981,1.02999153726425,0.124729728714013,5.01078457614969e-06,1.4636596418871e-05,1.50316250052547e-05,0.999965320994
"US","all.equal","all","two.weeks",913,-5861.18548305826,26.8181810325224,0.00719267899108468,0.0509706470068573,0.0143339615422966,0.77446328506866,0.053457437748634,0.0975781062158257,0.527121132449999,0.0032837530962579,0.984443308608987,0.290061215400904,0.00680082588387056,0.0015927103393752,0.00119859386729888,0.990407869909455
"US","all.equal","all","two.weeks",1243,-5835.46306583161,16.4904238223976,0.000902131460176304,0.0333920635518031,0.00399664354602135,0.999715729328939,0.0386047708724001,0.104782028012774,0.92383528353897,0.00160438848245714,1.2985450826248,0.367619762004684,0.994745927118912,0.00058308587906015,4.25624522208581e-05,0.00462842454980664
"US","all.equal","all","two.weeks",1279,-5868.62601891103,3.98278995641094,0.0133977195875317,0.0403031626606564,0.0491767248557669,0.960103511064581,0.0410723923651697,0.152979280651527,0.140019642277584,0.00114484360815257,0.976691252189031,0.273794945212737,2.2431554988757e-05,7.77508083524924e-06,0.0170984237245315,0.982871369639644
"US","all.equal","all","two.weeks",1031,-5957.86358419927,4.00911438243761,0.0205823298563675,0.0648397288341966,0.999622899985053,0.130388817565448,0.0716864505773065,0.0102121717258452,0.00138998389739975,0.000119571038738719,0.926786930110073,0.520137557612736,5.52463567014668e-05,0.0041991089267698,0.0109434824789692,0.98480216223756
"US","all.equal","all","two.weeks",213,-5839.34691307139,3.6217340841136,0.0258765573467653,0.0257898275723326,0.0135563449743119,0.431489199707595,0.0264636495993006,0.237445255126684,0.775057065515766,0.257109775995883,1.14655845268929,0.317885075312467,0.000141556014241916,6.34914779194046e-06,1.98422625011252e-06,0.999850110611716
"US","all.equal","all","two.weeks",1905,-5952.09515964709,31.6059979074773,0.140493801254857,0.072768990171157,0.80576547660908,0.0308321475602523,0.0764081661628827,0.00862004048305029,0.129138630764112,0.000233090912894157,0.910284482538671,0.949475813922044,0.99637344032991,2.39060822272107e-06,0.00319318626405123,0.000430982797816326
"US","all.equal","all","two.weeks",115,-5911.5261977817,1.61394970509738,0.00203576522799885,0.0353544757858261,0.599666462035548,0.48220012792509,0.0354727070630677,0.209742827076735,0.950593843643389,0.0295751699157457,1.041368163168,0.307809518115731,2.51722454916844e-05,1.20830866337787e-06,0.000298681536683044,0.999674937909162
"US","all.equal","all","two.weeks",1471,-5912.16078632356,7.9801042974865,0.00568341977252055,0.0387273750218905,0.0271921393171782,0.99995873809484,0.0393739013132419,0.0190590227340368,0.00405476464179472,0.458051200877421,1.03495916323086,0.982051887803551,0.000124974269675284,1.01982200398172e-05,4.23756941762769e-05,0.999822451816109
"US","all.equal","all","two.weeks",135,-5876.04238387199,6.76418003828128,0.0199820826209509,0.0355345706288087,0.0461553694083688,0.28866251560355,0.0366365416610672,0.000886303681964619,0.000299115204695222,0.0538951917291387,1.22665534379045,0.991849024060539,6.2679219161127e-05,1.21487673837112e-05,0.999838862596825,8.63094166304967e-05
"US","all.equal","all","two.weeks",654,-5951.96037881342,6.2372880918445,0.0107445759009423,0.0287574014030241,0.0159584289856655,0.0757577839938713,0.0295097050293807,0.101255885331382,0.0839320402646461,0.1464181072386,0.940182202460341,0.343529263573714,0.000263211306811657,2.6381227181643e-05,5.99740959420228e-05,0.999650433370065
"US","all.equal","all","two.weeks",1828,-5904.12445011948,8.22016045309181,0.00944513732406841,0.0532571163872848,0.90384039640678,0.0935554762825699,0.0511746599547143,0.0887214225416813,0.6555662650186,0.0545012489912584,0.885387549395135,0.217333995994459,8.40863571630048e-06,2.38495545997434e-08,6.58440437910492e-05,0.999925723470938
"US","all.equal","all","two.weeks",1277,-5863.42112063099,2.50122087386903,0.00832124821799162,0.0234288331054065,0.981460215961679,0.0428694879693755,0.0236256397081296,0.230686677301487,0.0741883165021211,0.000932788525451628,1.23721401045201,0.318328440153999,0.00189530121816583,0.00320701282958094,0.000776546437316964,0.994121139514936
"US","all.equal","all","two.weeks",1183,-5929.49912410764,6.80981890291797,0.00531634295691258,0.0418644162489555,0.627914268127085,0.00275393728154596,0.0433258349678764,0.00531933049379272,0.00442238640326505,0.028539033065881,1.06424957402861,0.203215494095439,0.00895023707333863,0.000270038904159484,0.000810881940949505,0.989968842081552
"US","all.equal","all","two.weeks",939,-5947.37963803093,2.17001086834396,8.47155197859458e-06,0.0339391319382275,0.655465404642713,0.910792973664293,0.0375277376421597,0.0865249361365091,0.340720398373411,0.00859999718514327,0.962002057964049,0.290927131683011,0.976821184447522,4.18195005352142e-05,1.01055551806055e-05,0.0231268904967626
"US","all.equal","all","two.weeks",1269,-5897.98366161118,11.1359521518004,0.00332598875237847,0.0377778487683006,0.943499006123912,0.928864212023918,0.0392081867874466,0.000772399725219787,0.0044049741687249,0.999931048841337,1.04864241961151,0.00272007591482211,7.83591127039757e-07,1.81084885618711e-09,4.22824248243632e-05,0.9999569321732
"US","all.equal","all","two.weeks",1021,-5975.22162947185,8.94014477966869,0.0214132986163009,0.0581107217531822,0.989327402905101,0.0476973850725118,0.059703548281755,0.00835024164297463,0.30728553946135,0.00114258486010201,0.884631829606544,0.954225660566274,0.0080146961762282,0.000248192537043362,0.00135583486299473,0.990381276423734
"US","all.equal","all","two.weeks",838,-5887.14468435078,5.03539294795448,0.0153439561676987,0.0324912260072591,0.546438506542495,0.230205538597781,0.0341801916447552,0.000288599080645218,0.00288331152791411,0.00130816753782307,1.16841421766206,0.990893612899854,0.0195025697948903,0.000160635928105481,0.979786308160123,0.000550486116880839
"US","all.equal","all","two.weeks",368,-5910.04047454199,0.969845140887595,0.0117866575183236,0.0583942484775008,0.248120655884095,0.325309694930326,0.0608841196824697,0.0433988975285668,0.988370814229088,0.000411177018551494,0.92700606916157,0.231050869679455,0.00170100284435918,0.00214650008638215,4.72699750021331e-06,0.996147770071759
"US","all.equal","all","two.weeks",1708,-5923.21970354589,5.75421966346845,0.0155477068406628,0.0614591814825463,0.750786420085249,0.0324837146961332,0.0630670325293898,0.0757609733380682,0.0021758929952296,0.354641709310135,0.848142401356214,0.266618397087975,9.19809762980699e-07,3.27930231751744e-06,0.000234170597750925,0.999761630290169
"US","all.equal","all","two.weeks",1168,-5882.51589171107,4.274052137737,0.00869513007892821,0.0409060040130557,0.950627035200024,0.604589094638266,0.0420525499443913,0.0960700688178374,0.018211692540227,0.000365239067266905,1.02576755858176,0.363286159034856,0.108025287870056,0.00707248542999997,0.0019256038882728,0.882976622811671
"US","all.equal","all","two.weeks",274,-6051.93729627368,12.9261946282894,2.41275061956413e-05,0.0724881117970517,0.965140105525036,0.00642363991366041,0.0787717172168132,0.0653443921968428,0.958025656219834,0.995461164782489,0.711404628003033,0.327296041565391,0.00300179671738196,3.38647084423372e-05,6.18456578386218e-05,0.996902492916337
"US","all.equal","all","two.weeks",28,-5884.8279065746,22.6355571914344,0.0417370282845787,0.0549758267843277,0.0548429257559517,0.10676639515458,0.0554009291530355,0.0829110763665337,0.00095749984317052,0.966632051028661,0.807335746759158,0.283195462261701,0.000167791428021998,9.50652056789062e-07,2.97504540666896e-05,0.999801507465854
"US","all.equal","all","two.weeks",1887,-5845.10042507511,9.0698473152838,0.00837268707890499,0.0426059600936142,0.999700924263616,0.0136982014194912,0.043155451394991,4.88176926815274e-05,0.00139526783356976,0.977526660927126,1.19108798028842,0.998279798223545,0.000196608095804048,4.9376108082143e-07,0.00088739007547201,0.998915508067643
"US","all.equal","all","two.weeks",668,-5833.04246412136,5.4271940968903,0.0239252566348357,0.0389312057621416,0.609315753224721,0.0046245274327312,0.0390754225587702,0.0796638286694467,3.92897559572822e-06,0.0093346045179625,1.07228002999768,0.379452484838064,0.00263333377042683,0.000296940377670802,3.48367604948674e-05,0.997034889091407
"US","all.equal","all","two.weeks",1877,-5908.59047679082,1.02874029216868,0.00433345255337948,0.0498359866840842,0.712124192066299,0.00780951919935566,0.0525589791553042,0.0912377475844097,0.871661488610851,0.000497332769915503,0.922672327752795,0.360943995395654,0.999532907371688,3.1263575344097e-05,0.000412666827432222,2.31622255358968e-05
"US","all.equal","all","two.weeks",725,-5963.25188177656,19.354972302727,0.0277580043161685,0.0551695266384895,0.974821440081293,0.945527937726983,0.0545545378520162,0.0177650252858649,0.963040700368077,0.00186193649762772,0.872814196757026,0.000225122882499945,6.04815616894562e-08,4.31486362002765e-06,5.81929681248458e-05,0.999937431686693
"US","all.equal","all","two.weeks",1209,-5836.06573336383,16.3232644515301,1.92858502756008,0.032335624688348,0.0426349434465607,0.0991554123500821,0.0327293609055607,0.163822829491352,0.997159507773449,0.000541150263913131,1.07121739967281,0.223897786926296,0.115797603514141,0.000142326408856221,0.000668449281011415,0.883391620795991
"US","all.equal","all","two.weeks",1300,-5869.6381269976,17.9454354595542,0.00260011081281739,0.0342233580507123,0.998325443502019,0.0100862773173415,0.0349104725137992,0.249356158883808,0.410553916913787,0.648497978780547,1.08497621268187,0.27945939594413,0.00138708812929158,7.80971625288824e-06,2.4117687268069e-05,0.998580984467187
"US","all.equal","all","two.weeks",1065,-6085.40003276047,6.11808403526945,0.00734343644154001,0.05940532433332,0.0616183671676744,0.0362410117521395,0.0549176831310707,1.19747125517609e-06,0.999682745839293,0.0482537720930904,0.82142423580461,0.861254115268086,8.30956463574894e-06,1.17318839141874e-05,0.000105347252509184,0.999874611298941
"US","all.equal","all","two.weeks",1377,-5890.40457139604,3.1294721969973,5.07186700067409e-05,0.0467206192028025,0.830813961123285,0.00117866090229736,0.058639783779098,0.092369678096746,0.883206928686144,0.0482575643650524,0.952263275142743,0.246736792302208,1.29240309750004e-05,0.000265739608280851,0.00297818161400851,0.996743154746736
"US","all.equal","all","two.weeks",1165,-5850.52461028576,3.06361896928277,0.00735025065204726,0.025789002600078,0.165844034162154,0.0486543302930898,0.0261095916426268,0.181473720122552,0.000603692939334907,0.0394452757420332,1.13174093230365,0.336223438983801,0.0103021466457378,6.83179400149131e-05,0.988384950500226,0.00124458491402076
"US","all.equal","all","two.weeks",619,-5865.29976373112,5.44460720385892,0.0106944683653532,0.0375638809531488,0.0613678853185353,0.00618058589384448,0.0396399044746573,0.107921856785988,0.948630574197454,0.000440937959810588,0.99452143361736,0.278813333118987,4.41536531152824e-06,3.20480065485623e-05,0.0110393176813409,0.988924218946799
"US","all.equal","all","two.weeks",712,-5943.98870705643,22.0572556632269,0.0108336777281661,0.0531626807675342,0.136962695728953,0.299806172522882,0.0526485608823299,0.0962980342632815,0.000732464316022959,0.0146641370331053,0.827378346969435,0.180275781389774,0.00333771536639585,0.000105237254884603,0.644828311251404,0.351728736127316
"US","all.equal","all","two.weeks",1367,-5947.1812051696,40.4298166633975,6.28311842909817e-05,0.0408986568928657,0.981868786962126,0.999373418710299,0.0407356118277284,0.107159824713053,0.403923756546845,0.00178209470910942,0.811411054165518,0.280121765717846,0.142873690564514,9.9401532428799e-05,0.000316713562595854,0.856710194340461
"US","all.equal","all","two.weeks",339,-5917.92201756426,1.28839881144068,0.00689041365866163,0.0308969742869151,0.0146464626756829,0.105276329098906,0.0311845910952742,0.000375608075977638,0.38271851430598,0.902825702639191,1.06110814536661,0.876063157978731,6.56231493384728e-05,3.81021953319642e-07,2.30050747506464e-05,0.999910990753958
"US","all.equal","all","two.weeks",273,-6038.01063186995,6.84888308705592,0.00501821181213587,0.0284359891276798,0.998611623176782,0.584503908859092,0.0327428316400048,0.0220467695637435,0.567389385073833,0.000105688925971359,1.05642375470463,0.923586615612703,0.0789560660622606,3.03225200910694e-05,0.0401760527290213,0.880837558688627
"US","all.equal","all","two.weeks",911,-5898.21079491097,0.954755882170757,5.25550556614559e-05,0.044252643351072,0.98756183366852,0.000948904623139623,0.0496289525243951,0.109246383192501,0.854391964316273,0.611338920551798,0.898644232184678,0.308485374673767,0.000507247845880306,7.06114817419618e-05,9.93781793204211e-05,0.999322762493057
"US","all.equal","all","two.weeks",1248,-5839.43610983907,5.84216060806449,0.0153910608227611,0.0482066248893534,0.0280703483464611,0.447574131902636,0.0480969075117638,0.100956757134951,0.0567054610747679,0.00523519577022546,1.05022794248829,0.284121424379566,8.43238998485036e-06,0.000962774950130371,3.89137636297274e-05,0.998989878896255
"US","all.equal","all","two.weeks",46,-5853.83835435132,4.09452190301733,1.51934976893938e-05,0.0526011995601115,0.972630963542787,0.638658781864203,0.0619499884385359,0.101795937108338,0.602741717138887,0.0570990052838104,1.01525950722526,0.256189168637403,9.11764978340045e-07,8.16410448953896e-06,6.18870399332784e-07,0.999990305260133
"US","all.equal","all","two.weeks",752,-5872.56257204039,16.9463656223597,0.044965722500668,0.0678243634304187,0.000427584724178967,0.323661634062168,0.0716267929582968,0.0845915572598611,0.126963271834645,0.000120895410224693,0.907563820955708,0.24159513719073,0.000773538371511117,0.00818082101070768,1.22650015306483e-05,0.991033375616251
"US","all.equal","all","two.weeks",823,-5983.66181889902,12.4503164612549,0.0169857791418086,0.0651588417107962,0.010287690008507,0.319656818899327,0.068137943120619,0.0408185331929547,0.594563112216729,0.804435089084741,0.873131486491601,0.00389865141070826,0.00501758221245423,4.49665845031502e-06,1.80315645333915e-07,0.99497774081345
"US","all.equal","all","two.weeks",1110,-5895.10048026847,6.45568619588243,1.52397350213479e-07,0.0260823222541367,0.604796502527411,0.0140192293153266,0.0497403652756217,0.217535801442412,0.859126275879553,0.0117921942387565,1.11314260652541,0.263938576745687,0.010843571829584,0.00610672487643106,2.96806534167738e-06,0.983046735228643
"US","all.equal","all","two.weeks",1796,-5937.31777635453,11.4928624886476,0.0299767808874608,0.060794642216235,0.00320148108631357,0.0584453064243126,0.0633786938937513,0.00430871100131452,0.928403621127473,0.000360658095737908,0.957920171624773,0.452051588635582,0.00416358091378677,0.0105052489097017,0.000263971383897682,0.985067198792614
"US","all.equal","all","two.weeks",921,-5909.73446338431,14.1151978753881,0.00448261257364108,0.043954202198488,0.655127221446075,0.998849038620347,0.044311316858391,0.018380979256543,0.142161944614182,0.0135995956839082,1.03776765309331,0.000912747475480359,0.00154574628703898,6.00248427532105e-05,0.000127151591344858,0.998267077278863
"US","all.equal","all","two.weeks",1891,-5905.20402027403,0.873876324527285,0.00876325059630706,0.0304939380184662,0.421607030589251,0.745125375152338,0.0308541740888221,0.149530030101397,0.0359622619594972,0.117026138331592,1.04784444464639,0.249327560835797,0.000676548149138319,2.73163557003149e-05,0.00101668523106258,0.998279450264099
"US","all.equal","all","two.weeks",1765,-5857.82390293324,22.9255333811137,0.00779708597325584,0.0362581115946758,0.251226585537656,0.478478244438039,0.0369515444029061,0.0020170234979537,0.910630051845489,0.0017160013545356,1.16044230786549,0.663916922202785,0.00989781764997136,1.27288923958073e-05,0.00119034127789821,0.988899112179735
"US","all.equal","all","two.weeks",1578,-5847.92702080112,9.63047725068716,0.000113049717662215,0.0413355528129953,0.730285211749908,0.964318628932343,0.0564573654583653,0.00994762378867031,0.997700897210604,7.41838537160593e-05,1.25083041498789,0.000309912650130761,0.401116176305453,0.000862766338900113,0.00416521362489162,0.593855843730755
"US","all.equal","all","two.weeks",1403,-5867.20732794487,10.1519906362288,0.0210458279313847,0.0537721553343606,0.00701368971997235,0.662805139376866,0.053376331282719,0.0163246952945769,0.182793682110107,0.00743949198386111,1.06540415164579,0.0142904037920966,1.24463673880619e-05,4.16632749809518e-07,0.0011365374800395,0.998850599519823
"US","all.equal","all","two.weeks",467,-6056.12186067523,8.2975772707234,0.0458682753536443,0.0545169531664213,0.143291106963763,0.747855447179224,0.0558470670497161,0.0295065612619078,0.939829455790035,0.0034189469468858,0.842008470189317,0.993539886615488,0.00206634497353877,0.000237400259488846,3.48102963020457e-05,0.99766144447067
"US","all.equal","all","two.weeks",282,-6079.65308885035,33.2629380564402,0.00411220735202248,0.0477307508743372,0.0259212618624068,0.602415629511951,0.0476508085180289,0.063843662550607,0.328952658737371,0.0161836833759406,0.888027705606323,0.328656556060373,2.03458410772106e-05,0.00199408169741381,0.00018146368516693,0.997804108776342
"US","all.equal","all","two.weeks",431,-5915.21929554674,0.824395563364601,0.0160896409575847,0.0417580454014219,0.036496073652645,0.959484949690367,0.041275554569505,4.25312663444669e-05,0.00249729606862626,0.00200272685379929,1.02423609692915,0.916463476824781,6.17087092197019e-05,0.00186215228213618,0.995980897572805,0.00209524143583938
"US","all.equal","all","two.weeks",1166,-5835.55196430206,3.16917996743922,0.0130593365162746,0.0337154794401893,0.000197072689403732,0.177260757161156,0.0351105230391635,0.147962229438135,0.0263780030201955,0.00059706714637327,1.08279913503705,0.252670073096179,0.011903068666772,0.00843136836556134,0.00291852115733209,0.976747041810335
"US","all.equal","all","two.weeks",532,-5878.18584221429,22.8626886692893,4.01608607359249e-05,0.0538858523226362,0.789921347131689,0.442466551775049,0.079937423037674,0.00556855083578899,0.5424083811526,0.00202736766257634,1.06719740751957,0.819265346921023,0.0230897514356907,0.00026462903579346,0.000295721448488769,0.976349898080027
"US","all.equal","all","two.weeks",1467,-6008.38827266248,39.2946780353851,9.5360938144855e-05,0.102161784605938,0.745451999485925,0.999424058631555,0.131263636208902,0.0413078577771709,0.600712079246894,0.000176306987149278,0.653337504995532,0.330849643556763,0.0104843314750423,0.00140287447847511,0.000413579070050149,0.987699214976432
"US","all.equal","all","two.weeks",1503,-5973.96450131989,3.82185415905554,0.00011503388351859,0.0630046809976313,0.824702599851127,0.973757450476895,0.0686120289522458,2.49120755348433e-05,0.0051516145779048,0.133466443638877,0.908930416725359,0.995992118198461,0.000949276670740341,2.83736792778435e-06,0.000251817432646972,0.998796068528685
"US","all.equal","all","two.weeks",1637,-5852.08528111377,25.1031519618037,0.0207106502872416,0.0387437220675016,0.945052200028838,0.0260817344743551,0.0386572495520198,0.113434662266646,0.000670173840387012,0.0033236978074954,0.946388184305925,0.301804709475917,0.000116258803535217,0.00040384063667396,0.00634377664665104,0.99313612391314
"US","all.equal","all","two.weeks",509,-5959.38554038336,5.73147703026929,0.00049702530625882,0.0486710808615143,0.661659723007431,0.275990335328994,0.0550375432469982,0.000703839009270631,0.985373064539696,0.326585385233977,1.05580888777972,0.957546279180401,0.00596919443108627,1.40335332899296e-06,1.17708732676851e-07,0.994029284506852
"US","all.equal","all","two.weeks",247,-6200.07264611593,2.07321017470635,0.000262164498966884,0.0493745740997868,0.866444257388418,4.21011477022613e-06,0.0525188641327368,0.0256320247896134,0.826918460438465,0.350008334149935,0.728929965129081,0.487716541748629,7.84536182851591e-05,3.300914899626e-05,0.000115735915372484,0.999772801317346
"US","all.equal","all","two.weeks",1412,-6020.22066441599,11.9803067247069,0.0418683647671648,0.108002390752694,0.673951934126946,0.0127482116580674,0.102660018970088,0.0653113778705003,0.0336355965677961,0.00353361337226231,0.664836606187322,0.342887801706026,3.16625402830337e-06,0.00105108535234937,0.00350943622217416,0.995436312171448
"US","all.equal","all","two.weeks",563,-5840.13649909284,9.27340933260678,0.00478239529085356,0.0256037789175388,0.000275819783582763,0.0882549622167443,0.0268040920778192,0.179494014095416,0.939860387561214,0.00428714485742056,1.22125247667894,0.357294134447948,7.41794504500912e-06,3.45346211850395e-06,0.00229802337519977,0.997691105217637
"US","all.equal","all","two.weeks",1528,-5972.48451727464,21.364179307866,0.00804032338569684,0.0285833710828881,0.0128557288138279,0.54059775640049,0.0290781699505343,0.0207892360937025,0.0982949124120562,0.0165111777541698,1.02378225863027,0.0195939695149318,0.379098954029263,0.000112400968961061,9.37694068451955e-05,0.620694875594931
"US","all.equal","all","two.weeks",1894,-5989.17786377241,25.4351030219275,3.7322368131037e-05,0.046822418272343,0.917527972649997,0.58656226114732,0.0715171559234444,0.000731759785576607,0.011082380818532,0.0852694601263816,0.971584155062365,0.884720188552956,5.22139486692135e-05,1.76711463737368e-05,2.44216300481877e-05,0.999905693274909
"US","all.equal","all","two.weeks",207,-6004.79464291415,12.1895819558572,0.00572207546844975,0.0377890056070522,0.0267156342019656,0.000849754096365614,0.0412363131667281,0.00313639511895434,0.00214319346734681,0.00227245763301027,1.01049777883534,0.00457793950593429,0.000844895796574641,0.00467274071907292,0.000638466105863065,0.993843897378489
"US","all.equal","all","two.weeks",1684,-6080.09694604787,6.41706263600392,0.0010637246551048,0.0512307903771088,0.752924358862905,0.247771462955745,0.0589558116746889,0.0039087180824533,0.985835200721319,0.000423133279118315,0.887558313849182,0.247912297074187,0.477654786534179,8.26005236382354e-05,0.000387284286686734,0.521875328655496
"US","all.equal","all","two.weeks",1424,-5868.96813019618,15.3476088662434,0.0217273693699595,0.0453905480546837,0.108112253261581,0.0236662507738199,0.0451417359776106,0.0999041715396605,0.000679485977980584,0.000548022486904387,0.921892266931666,0.287128435979036,3.2115498537576e-05,0.00340735075177241,0.00186703046875267,0.994693503280937
"US","all.equal","all","two.weeks",1198,-5851.90517497204,5.55616743804805,0.000146045546676172,0.0479367047350827,0.980257998091471,0.0117823027857069,0.0518046070907191,0.0248721222133824,0.0433107978520182,0.299405317751893,1.09654241027575,0.304748131365553,0.999860946455986,5.28262002305491e-07,2.48733699298643e-05,0.000113651912082195
"US","all.equal","all","two.weeks",164,-5845.75472000807,1.15796512710496,0.00441197193721363,0.0460067461164209,0.918687217643852,0.000149414990032344,0.0469073189295779,0.0973758464701892,0.465770872078748,0.00327812669223399,1.02796768425953,0.216500973772482,6.51860666835008e-06,0.000459083934731071,0.00116287508543295,0.998371522373168
"US","all.equal","all","two.weeks",645,-5847.58325895108,12.9406729997168,0.000246208623422244,0.0351977286993347,0.797508210121151,0.216151772039859,0.0393877399823724,0.147418418331361,0.00138314617076564,0.0867291449091449,1.03961616959053,0.313436351960704,0.971484152249885,8.9576070980176e-06,0.000202753275971073,0.0283041368670463
"US","all.equal","all","two.weeks",1406,-5992.26607564467,8.73226130524837,0.00036661827632781,0.0642374014630723,0.993042843704345,0.0014889208467118,0.0708786193455688,6.18628417098359e-05,0.670507790241473,0.628388415779022,0.922549816507374,0.000709713475352933,6.08978699646852e-07,8.54472526428721e-06,1.0876467456782e-05,0.999979969828579
"US","all.equal","all","two.weeks",34,-5923.28764898076,2.39362722225083,0.0121920358715493,0.0156046576251181,0.24921817328117,0.556547804268112,0.0160459254879534,0.193714243701908,0.129128983117803,0.0773139939324564,1.22464846800141,0.348751752970703,3.05080463995597e-05,0.000191676543861827,2.01134886051698e-05,0.999757701921133
"US","all.equal","all","two.weeks",1253,-5878.51639525188,2.76630297279395,0.0244298635449338,0.0469690495163427,0.0034345655747824,0.989608917872445,0.0451421282233825,0.0378214865383656,0.999427977654291,0.000531464612987498,1.06834720932997,0.256375892428053,0.000272657586439054,0.00787613796958452,0.00456241517929463,0.987288789264682
"US","all.equal","all","two.weeks",1989,-5853.90009212445,6.78795920857692,0.00373316677987634,0.0237858837617524,0.220119793753199,0.00385088852446436,0.0249910434085354,0.216007799307034,0.157297430461111,0.878059965954264,1.27557499536969,0.272530368294469,1.00655336696088e-05,9.12709902734083e-06,1.72710947689037e-05,0.999963536272534
"US","all.equal","all","two.weeks",215,-5892.87624431837,23.9287322185449,0.00525583903392032,0.0428107831557036,0.150541557946974,0.00279681081029742,0.043520597891206,0.044589015148014,0.949120182166437,0.432127829474128,1.05267070167232,0.112680063313251,0.00120743509622201,4.50295556273709e-05,2.7937699874803e-05,0.998719597648276
"US","all.equal","all","two.weeks",1484,-5948.28661845931,7.53288678032022,0.00370111110044681,0.0267792276873079,0.446703269709905,0.00515218127245756,0.0292047697020432,0.00832142179665409,0.540439509252914,0.000465702346159549,1.1589691349015,0.963541094093743,0.0104715180719816,0.00123070921877992,0.124932663838147,0.863365108871091
"US","all.equal","all","two.weeks",549,-5831.19139861169,13.8949143535584,0.00146887013141456,0.0275992050901993,0.58817168558383,0.00948050047407768,0.0292894232564279,0.194739619331009,0.000420942126394523,0.0140916302435593,1.15672418879804,0.289270906361297,0.791802561511286,5.83084327707629e-05,0.0189419940169895,0.189197136038953
"US","all.equal","all","two.weeks",528,-6048.79705351588,21.1711698695928,0.0362103093710174,0.052775107772664,0.595561330678021,0.0301614663542498,0.0579275801268195,0.0227972469136102,0.010895804945341,0.000146234687994192,0.847140358624406,0.999605910890416,0.000788121030651281,0.00538927834959344,0.0184989192320789,0.975323681387676
"US","all.equal","all","two.weeks",487,-5990.27230226379,10.6121069402982,0.0640144129576654,0.0493189533832388,0.111244398249747,0.026183342692396,0.05093567822939,0.100097371942928,0.980763128015316,0.00019444712776425,0.945189348988812,0.0114190480160802,0.00338912606330803,5.22518236656203e-06,0.00486102675032418,0.991744622004001
"US","all.equal","all","two.weeks",1357,-5943.87696666486,19.7642529853744,0.0025663587410348,0.0851630636627245,0.906873218205751,0.780768606926577,0.0841382334354275,0.0817391628100967,0.891206170006409,0.00173473996344459,0.755085616345171,0.292743230917075,0.00337560472190506,0.000217757273319545,0.000117951306074442,0.996288686698701
"US","all.equal","all","two.weeks",806,-6037.51896471133,6.64201548905819,0.000741889607462781,0.0889878291981294,0.879208496969529,0.344621255080172,0.0879074406130693,0.0582122058204734,0.906391676166355,0.104262702010578,0.65844354697049,0.229092919234684,1.56075223178576e-05,3.3176934477193e-07,3.71078429749494e-06,0.99998034992404
"US","all.equal","all","two.weeks",96,-5927.93785776134,1.9031938624942,0.000115985361512313,0.0648893472264365,0.736272685205661,0.97164305076148,0.0902613699767029,0.134008139584223,0.446592633470074,7.57789561972509e-05,0.822657055707079,0.265224261254775,0.0219645107493356,0.00690169916140349,0.00373357210292609,0.967400217986335
"US","all.equal","all","two.weeks",460,-5871.32596607518,0.996006473336104,0.0227806132542247,0.0578991222337874,0.986390178825949,0.00675028063272102,0.0618916900344683,0.00452318105028891,0.0223188836888323,0.000144660566933591,1.08658917646428,0.00579960457737656,0.0118426407288608,0.000105192044550233,0.972424194084782,0.0156279731418072
"US","all.equal","all","two.weeks",994,-5904.77149203544,2.06845084006388,0.00506662493664268,0.0534572199991985,0.923890178706985,0.396555242145984,0.0584665096585559,0.00402240190144964,0.00160508072024283,0.000311179297372599,1.06380030647192,0.0289095490401217,0.00880326917330141,0.00274212691562399,0.12256726445503,0.865887339456045
"US","all.equal","all","two.weeks",1134,-5954.49832027975,1.62857440982564,2.04189003072013e-05,0.0358730863859389,0.971532680771575,0.266447941931932,0.040224280300069,0.160116727382196,0.0178204150402886,0.016232475271694,1.15543725243776,0.347692561006819,0.990389280256061,3.43558410514355e-07,0.00863628642924854,0.000974089756279783
"US","all.equal","all","two.weeks",1066,-5957.71649641457,6.95283243253774,0.0100793849640422,0.0343097693089636,0.00449524895642068,0.872526261644462,0.0386641812066091,0.0212768521574817,0.0104517780829266,0.0932718350924594,1.1695641587633,0.989604829919953,0.0111466953209729,5.62688313278038e-06,0.00409329232232842,0.984754385473566
"US","all.equal","all","two.weeks",1290,-5997.40290835195,4.96371656453434,8.88112045316727e-05,0.0861182630279435,0.990056849841833,0.00103813674883815,0.0865021046381007,0.0012600281491791,0.967104933631572,0.990878052868058,0.737873044578938,0.99920448625193,2.2271758466685e-05,5.86764822017419e-05,2.15295569705825e-05,0.999897522202361
"US","all.equal","all","two.weeks",1316,-6028.69643479962,20.9787978347707,4.76477945389982e-05,0.0439898839520757,0.996891882950495,0.000489820083019912,0.0576338531180095,0.00342354469791264,0.709471168674921,0.929278186054901,0.854119238458581,0.371737177676395,2.01716832746023e-06,3.52386167498459e-05,2.9920577444372e-05,0.999932823637478
"US","all.equal","all","two.weeks",606,-5962.81426200101,8.65939463018681,0.0148817172836729,0.0542581327508254,0.404232600979003,0.00227135021493521,0.0575941189647078,0.0339635141637568,0.359245202332389,0.00209736852535351,0.977971990491458,0.00182694011440117,0.0061647009539091,0.000351010815198697,0.00091938165948229,0.99256490657141
"US","all.equal","all","two.weeks",1141,-5974.97750710666,9.46499770826402,0.0158918585841057,0.0367121740882374,0.00379686881694687,0.597282225686382,0.0357756772210281,0.00516540557539289,0.205307982896782,0.167984456468954,0.945538256112913,0.409592957176094,6.91665445746494e-05,1.04153189474531e-05,5.07539701975997e-05,0.99986966416628
"US","all.equal","all","two.weeks",1487,-5885.06204139715,0.923475260526198,0.0464529196645384,0.0358387232949161,0.00702299778092193,0.42639219878188,0.0365115690201383,0.106861859702106,0.874261844994303,0.00365666187431515,0.984067540906601,0.293453928837619,0.0114826697874191,7.69898395837799e-05,0.000284330836436621,0.98815600953656
"US","all.equal","all","two.weeks",922,-5847.72039477432,2.25018967052473,0.0393447125634922,0.0495195603897076,0.997615210436119,0.931555525672732,0.0517830178183656,0.0259331596204856,0.972519260073551,5.96635145007643e-05,1.19407434589405,3.20016811797087e-05,0.978984092053403,0.000128610758572007,0.00064752634404692,0.0202397708439783
"US","all.equal","all","two.weeks",130,-6031.92281659061,27.1419021886363,0.00650199501095222,0.0416112823583106,0.995459852341407,0.00247425808064237,0.0441919915043688,0.000230168652373524,0.0890333288273032,0.0044835506849987,0.912774722171422,0.999048793552449,0.00263077056798185,9.44942782009164e-06,0.022466807424517,0.974892972579681
"US","all.equal","all","two.weeks",153,-6033.73154359571,6.43483155646759,0.00839156194596296,0.0562497461833037,0.00123561539680456,0.0298570473249242,0.057841012213436,0.068478585274936,0.00828996130997078,0.00143869042708699,0.885769159879348,0.996763447654933,0.00090505070347979,5.12200619343209e-05,0.323307440704225,0.675736288530361
"US","all.equal","all","two.weeks",567,-5926.69306141044,2.01720849969213,1.34999766006629e-06,0.0629355242180101,0.876140946981468,0.000918065070265898,0.0845270624624966,0.00290858791580602,0.79639811036693,0.061663112654136,0.940965148294625,0.198798926500068,0.0270065350040468,7.07866170134801e-06,6.73200086566704e-06,0.972979654333386
"US","all.equal","all","two.weeks",138,-5938.20284743611,3.80848748153825,0.00944402821901268,0.0839302381293456,0.855467285513319,0.668186088908223,0.0956580857692473,0.00042915122530004,0.00480932967007663,8.34479310562158e-05,0.968942095831625,0.66040054989255,0.001052577905441,0.000924492141294222,0.984450759757234,0.0135721701960308
"US","all.equal","all","two.weeks",632,-5912.45045421079,1.8520371995481,0.000916116244328187,0.0515327868026619,0.912180963463179,0.98227287681122,0.0552740004607977,0.0194921767910407,0.00525054327442288,0.000154662606730925,0.941649990609696,0.158103210209475,2.71115469600221e-05,8.34230479661628e-07,0.839628961592537,0.160343092630024
"US","all.equal","all","two.weeks",516,-6107.47776736146,25.9384596705977,9.43272675070201e-05,0.0705536010887304,0.936808935640611,0.972426074252884,0.0780885832782804,0.00469904172497974,0.00102871910030892,9.54622006441797e-05,0.817914409342582,0.0104778751566718,0.946216294998289,0.020574285166032,0.0309212279608594,0.00228819187481946
"US","all.equal","all","two.weeks",1006,-5871.30979084825,8.38182072991588,9.48419103839411e-05,0.0186819297926292,0.707532752055826,0.000318491360001004,0.026766482453498,0.221120058589555,0.742579866494506,0.0257165821876986,1.35262689622631,0.369378170914362,0.00216569950916788,0.00846542893535867,5.28106538821477e-05,0.989316060901591
"US","all.equal","all","two.weeks",870,-6000.22962789934,5.30028954587478,0.0167780918580092,0.0368004571902226,0.0136044432151874,0.0682174635534446,0.0393395312619303,0.0018290726514503,0.000933854328254735,0.0352534356794237,0.994079013169314,0.00438806314755578,0.098047276683839,8.49159792143021e-05,0.0193420631892575,0.882525744147689
"US","all.equal","all","two.weeks",738,-6128.56826635749,3.82676195988195,0.0280159915757592,0.0449646074757449,0.0122909544392667,0.000738334105001698,0.0446184065613268,0.00113048234371606,0.00620808872949565,0.000333330819314213,0.764773656300874,0.000623645435124324,0.0267990610654096,0.00561382664790785,0.0275508852043894,0.940036227082293
"US","all.equal","all","two.weeks",488,-6001.20090531981,14.0980177520979,0.000578773678508508,0.0584605608564477,0.82446909012775,0.92593633094454,0.0572254732330914,0.0590303962889057,0.0010199071951851,0.998732664166373,0.718186362611511,0.292700081659486,0.000384882554202073,5.20222050217648e-07,0.00017064353728978,0.999443953686458
"US","all.equal","all","two.weeks",1978,-5893.85838682075,9.20926707799313,0.00482882743802042,0.0326760948264878,0.0310400092326016,0.321153342514169,0.0339618336628136,0.132866435955342,0.999919330597246,0.897078161934724,0.960064844685427,0.32586461288152,3.94355904936083e-05,8.37892529169707e-06,1.38772955570891e-07,0.999952046711259
"US","all.equal","all","two.weeks",440,-5957.37684762373,5.36302749851348,0.0905762512860073,0.0348397547982002,0.0984612895941611,5.05394183290279e-05,0.0358794506642637,0.186054331099946,0.99991673681063,0.961707130908612,0.850305740457287,0.340930167164407,0.000143566782285268,6.7873234865976e-07,9.88732848656935e-07,0.999854765752517
"US","all.equal","all","two.weeks",739,-5868.08461185178,9.69063180167554,6.51278042576241e-05,0.0536366584556643,0.682493798946743,0.000593942925567687,0.0704742666225069,0.0322730246485854,0.975325411674237,0.0175028992362018,1.06835908675138,0.332295911430355,7.09445039040897e-05,0.00267883362065776,0.00115673299448381,0.996093488880954
"US","all.equal","all","two.weeks",1593,-5879.14896876451,16.8010897600654,2.81596973562812e-05,0.0187870396746538,0.623136199382325,0.685892046472341,0.0425692764804569,0.058576200533171,0.00602804544015678,0.000535009270489658,1.38925559220231,0.328582278091734,0.000545247868217683,0.00360689659847571,0.522003820841088,0.473844034692219
"US","all.equal","all","two.weeks",1086,-5822.49289534185,15.1084275292226,0.0116728145519779,0.0373179965278277,0.0253890283696261,0.756589745738863,0.0387574567867521,0.0611457504211548,0.00148864437593893,0.0048822210862542,1.18086077262658,0.206719629681681,0.000489557961155394,0.000754157312286639,0.00944701929338967,0.989309265433168
"US","all.equal","all","two.weeks",1228,-5986.40733762719,12.4672524928484,0.00148628078526234,0.0140174819697568,0.000242869560168695,0.0781844625653786,0.0153123120256524,0.203856782381522,0.933422930506917,0.00167937942805002,1.32544125358473,0.363866450688821,0.0125679362270832,0.0139705620586718,0.00264519111156606,0.970816310602679
"US","all.equal","all","two.weeks",1944,-5900.55641744984,9.68673434590996,0.00918745510977347,0.0582006083269336,0.0564580290611949,0.136263752150211,0.06051784105486,0.0342077206974913,0.109224593034735,0.00142962634875958,0.9458170967132,0.324910138972221,6.44968084007159e-07,0.00462406925460318,0.0048787570550763,0.990496528722236
"US","all.equal","all","two.weeks",974,-6003.56887650053,4.21655550019471,0.0048646069853309,0.141859326770314,0.933817268533127,0.792519608296768,0.137815547035674,0.000899096754150676,0.000121907354643794,0.99723697160087,0.680533276882076,0.149438009229258,0.000814750105160587,1.98996783955768e-07,0.000310165398329066,0.998874885499726
"US","all.equal","all","two.weeks",1309,-5914.40579813155,16.0788975190538,8.53926468737672e-05,0.0439312242631858,0.852799086672499,0.541695527550301,0.0506538607863465,0.0745713426364438,0.988641612031035,0.000811779615062585,0.920635543696756,0.308825859026355,0.000593163084157711,1.137451191282e-05,0.0015516657638647,0.997843796640065
"US","all.equal","all","two.weeks",82,-6016.43677032546,15.9039333299504,0.0180880205359748,0.0636196634174993,0.30565742834562,0.0132836109557921,0.0646769993959421,0.000481417623492534,0.89196317259925,0.244311503397266,0.820625447526146,0.0839855937415148,5.62729799331971e-05,4.18146129614902e-06,1.40186451439847e-06,0.999938143694256
"US","all.equal","all","two.weeks",1826,-5887.44943986646,30.4125297719957,0.012744634329056,0.0329213032706136,0.276473622393279,0.000495828260443735,0.0332338694100253,0.0232581859284064,0.749219042834254,0.000754428687467288,1.05686679152729,0.444158517256534,0.00136171682494532,0.000976636113806652,0.00215979290857051,0.995501854152678
"US","all.equal","all","two.weeks",539,-5850.13438854072,15.8642151919966,0.00684069909326457,0.0412512160155388,0.944939945131937,0.0176609104638681,0.0429021052452448,0.0076907491626412,0.0219899878379839,0.756912934717033,1.21474022964676,0.703030289089997,9.83435146300986e-08,1.79530410616746e-05,5.51038962095339e-05,0.999926844719214
"US","all.equal","all","two.weeks",1811,-5854.64532220221,24.9468975815829,0.00787148051767256,0.0547544367863154,0.00722614841563118,0.080974338674528,0.0568136155697804,0.0397143664828649,0.682210886061855,0.763214843348427,1.10630424911226,0.312281388456703,8.30845168907857e-06,3.01607315158193e-05,4.79952998896792e-06,0.999956731286806
"US","all.equal","all","two.weeks",1524,-5984.43153602773,15.8034745417428,0.0151673691912245,0.055637557154953,0.0384956310734354,0.0361444466302027,0.0536825365216567,0.0639921009443404,0.0679180554768497,0.95086078120026,0.720236399274631,0.211127017345334,4.75604318337714e-06,2.58540958274704e-06,3.08283981412225e-05,0.999961830149093
"US","all.equal","all","two.weeks",1569,-5969.94803473864,3.05027662257567,0.00499763567781231,0.0528553403508281,0.639979064497731,0.579635800767726,0.0555078430014807,0.0025423278553359,0.0142962877026168,0.000729758071337991,0.992226639579903,0.99966070933418,0.00189854416806726,0.00098551857175376,0.721416214421092,0.275699722839087
"US","all.equal","all","two.weeks",1059,-5983.23869558563,5.56235990368874,0.0636979985505998,0.0362997545618789,0.355237675246155,0.942096971550966,0.0381986321513823,0.0785151752150076,0.012686250016128,8.06191306656863e-05,1.15660155662903,0.207307053668805,0.488680526621809,0.0819262932004075,0.0226866777398846,0.406706502437899
"US","all.equal","all","two.weeks",517,-5944.86433993339,16.681894696336,0.000755155709250716,0.0389721397813934,0.492309821114016,0.949809809860329,0.0404185933231144,0.0588037393446881,0.0351233439321615,0.00748018414402565,1.14712197330637,0.0507855673607681,0.205547643996099,0.000272019356042826,0.000370503547425109,0.793809833100433
"US","all.equal","all","two.weeks",1489,-5938.00758452514,12.9851979092577,0.00131162364512667,0.0457744445239272,0.76740461890829,0.00208072354752621,0.0469566875997305,0.0518596263513854,0.661209550113645,0.00199710860394936,0.955116165750093,0.280035598327438,0.00635263525881211,0.00770928759038883,6.42255371103996e-05,0.985873851613689
"US","all.equal","all","two.weeks",599,-5918.54236882004,3.20473386147132,0.00260866098036412,0.0559418827552653,0.731159161835245,0.967418852460477,0.0551818195150052,0.121328081336196,0.0427597758133999,0.0116521948654565,0.862671418418647,0.248366107276592,0.000904521221527487,4.28983743745594e-05,0.000715190036519993,0.998337390367578
"US","all.equal","all","two.weeks",1074,-6031.2268700609,15.3593995659993,0.0020582513001699,0.0415668659194272,0.676720606536509,0.248613961718971,0.0467205227399894,0.000738587026937725,0.927500465976681,0.000402729698064138,0.913161253648175,0.00146084434307587,0.000900454289790403,0.000574037929461276,0.00373652270270667,0.994788985078042
"US","all.equal","all","two.weeks",845,-5918.30065259479,13.5974717771489,0.194246322145295,0.0919211180357282,0.159855734631915,0.151093364710095,0.0966337324860386,0.00117653260122692,0.0993943345457118,4.09982312008456e-05,0.913439622093086,0.638500549841241,0.000235862620061947,0.0245026370643633,0.0178741461576989,0.957387354157876
"US","all.equal","all","two.weeks",1613,-5841.57890623606,0.818597650521822,0.0310858710916263,0.043618300861139,0.0421286656273798,0.981790694662011,0.0454572172851126,0.157288849154674,0.0157579265191244,0.000262195087068158,1.0047286076096,0.321468609886699,0.00445290508589796,0.000606480895158853,0.994194238877021,0.00074637514192183
"US","all.equal","all","two.weeks",90,-7095.26906949375,172.432354512572,0.00176342070470645,0.0288436659590531,0.011893183949369,0.996373397908701,0.0309103261956159,0.0103584963567706,0.163549402224812,0.157589542127793,1.1673596050182,0.615117087870011,0.000495760317824935,9.80246493281123e-05,0.000207924474850615,0.999198290557996
"US","all.equal","all","two.weeks",1264,-5895.74860008509,42.119133017835,0.0130132151841988,0.0543466381801109,0.011465381171017,0.946424293964889,0.0540090282808248,0.0146839287240642,0.344268971576939,0.0017498297944529,0.952003905229855,0.477849841017785,4.49486623573569e-06,0.000115867188603852,0.0118119771471918,0.988067660797969
"US","all.equal","all","two.weeks",1046,-6099.12930173295,9.25259198922767,1.98248932309337e-07,0.088599178509501,0.888609136938217,0.880267874562286,0.109784008140952,0.05825664241377,0.657147662745505,3.01277567378985e-05,0.717801347533154,0.244729864396028,0.498532709739789,0.0270997379324366,0.0340199131646196,0.440347639163155
"US","all.equal","all","two.weeks",1295,-5958.75913102067,23.7885619981133,0.0262324486333263,0.0913524945046829,0.0689726612376587,0.999350135780719,0.0991147398748802,0.0181575009344923,0.475267891007087,8.54859546182236e-05,0.869133145876632,0.997018355501857,0.00314651155083895,0.00141991522901185,0.0361230197712131,0.959310553448936
"US","all.equal","all","two.weeks",570,-5951.89779762094,1.13708130874641,0.000480205174942491,0.0547945723940886,0.785111848569583,0.876766871390904,0.072544186997134,0.00364221794257462,0.293753368875955,0.000110612234209336,0.993021285717451,0.999904366779989,0.0701514222825279,0.000660931580946296,0.00355061300392968,0.925637033132596
"US","all.equal","all","two.weeks",1356,-5924.61065750597,4.13715153113208,0.0219350942513645,0.0676975589193051,0.662061729923541,0.0408421947613767,0.0661375821420442,0.00949654624047399,0.294415988229803,0.00255068433552314,0.94963741869826,0.598574265332366,0.0476824358561877,3.10256774300194e-06,0.00102325949525479,0.951291202080815
"US","all.equal","all","two.weeks",1437,-5927.34101466917,6.83062438885554,0.0118558244073959,0.0464960912143115,0.519976570590196,0.00496412284941202,0.0479764781608727,0.00184067123458057,0.0037529026996267,0.0143278488543276,0.999870821400809,0.125087795422689,0.0586596166217343,4.40990460028615e-06,0.0610755417102009,0.880260431763465
"US","all.equal","all","two.weeks",1574,-6166.69479298722,23.4880345919447,0.00337146203421374,0.0568192749203655,0.0586192881792578,0.0369616583699907,0.0615249646442706,0.00593582214960291,0.995870193093168,0.000883533902558535,0.969527922066873,0.229666676650874,0.00113873182074589,0.000982653279583697,0.00741780366365567,0.990460811236015
"US","all.equal","all","two.weeks",703,-5948.69576941192,44.0105851212892,1.21937904425279e-05,0.0208883939017879,0.757539115386419,0.950464149359917,0.023561564128148,0.162109605250018,0.00159905517962998,0.033308859049754,1.19264418922981,0.344335695839871,0.998222337620365,0.00024371581073,0.0006653000142969,0.000868646554608172
"US","all.equal","all","two.weeks",469,-6024.6671729374,2.56116722695483,0.00732385312264216,0.0731281459553122,0.22062423376351,0.00923190451325486,0.0717467129523764,0.0250786843085693,0.0897372621332087,0.0925985841192501,0.815434649458219,0.111796119267516,0.000262473667338515,7.04175771449831e-06,0.00103883143687007,0.998691653138077
"US","all.equal","all","two.weeks",649,-5906.50316421001,1.2618529552066,0.00750612690499117,0.0383361304922285,0.000117775421263936,0.946655695249051,0.0396416562477423,0.000519612016091505,0.0391393942790729,0.56088353530915,1.06601622801784,0.925151365462594,2.22598101186657e-05,2.3082633461553e-05,2.86700824793423e-08,0.999954628886337
"US","all.equal","all","two.weeks",476,-6005.189379383,7.26065874265149,0.0362406228125566,0.0639743248544161,0.00136372041202026,0.343680349144408,0.0623214842545389,4.38025377775046e-05,0.923968401815622,0.159830156671851,0.777087406322979,0.234664733167319,7.45854474968562e-07,2.04618407701165e-06,6.04385451489861e-06,0.999991164106933
"US","all.equal","all","two.weeks",878,-6026.86739181318,9.90495485359137,0.00136329398136605,0.0750915789011604,0.882473930095557,0.744310400239806,0.0802786057432723,0.0455950000003551,0.433582469860981,0.00249668774583047,0.837832683997147,0.0708144114755594,0.00350193374445486,1.6457753311546e-07,0.000419774106164502,0.996078127571848
"US","all.equal","all","two.weeks",1504,-6000.19346047482,17.6665531261997,3.97488307876497e-06,0.0850362340716137,0.947500780605598,0.789517470603558,0.0878817493976051,0.0330411242324588,0.99360247540369,0.00350429764173081,0.787031398385472,0.159318648741763,0.999860273874173,5.86518207044651e-06,8.87378326040068e-06,0.000124987160496297
"US","all.equal","all","two.weeks",699,-5958.97835437251,5.39081332816022,8.96498540661565e-06,0.0481819643522936,0.934195341728445,0.721467649347024,0.0749277400585983,0.0214013685822889,0.040033839098401,9.2450014287441e-05,0.937653703714492,0.132856083445306,0.0332998873448745,0.00211018655175909,0.955532264961838,0.00905766114152876
"US","all.equal","all","two.weeks",1365,-5992.362658424,0.839154934180944,0.0567769133262313,0.0842889984826328,0.195247768141977,0.902912431985889,0.085471590057079,0.00102729083539146,0.092402050018041,0.00418395989380562,0.86179297453198,0.00999016761588718,0.00102984456019597,1.60090294413476e-05,0.00038791777586765,0.998566228634495
"US","all.equal","all","two.weeks",929,-5995.72823478106,3.91221511600349,0.000717910484210063,0.00845866978473344,0.542993062924493,0.998887704897119,0.0113531661988662,0.294381789512653,0.0778909709970088,0.00038545536501518,1.34302283312196,0.348068426729885,5.10455890451937e-06,8.41358114696978e-05,0.999632355972306,0.000278403657319299
"US","all.equal","all","two.weeks",1940,-5852.02194116734,4.15197437852768,0.00871520402319785,0.0293853339479235,0.216805607834436,0.00825442518417542,0.0306872141479756,0.170955786107205,0.034663382354439,0.0347830982930652,1.16567481354531,0.258436509241261,0.00173987677989684,7.42570172668066e-05,9.28222791156705e-06,0.998176583974925
"US","all.equal","all","two.weeks",1205,-5914.74955525398,1.09029968828006,0.127165435758959,0.0471948141370286,0.997900169412329,0.100987666677069,0.0461903908877973,0.0058517755077433,0.00181735042456458,0.017775078089795,0.949230788165736,0.236949051603246,0.992391664016567,3.06938695011523e-06,0.00760275735901602,2.50923746695728e-06
"US","all.equal","all","two.weeks",1068,-5988.5444048846,6.86940583269621,0.0180433075268824,0.0556059283183028,0.00181786036373696,0.276030502618381,0.0560040155759968,0.059902463378051,0.965080776719998,0.0121343899730178,0.944524582199833,0.963506432596648,0.000157670155122622,0.000453151171416579,0.00016924821646522,0.999219930456996
"US","all.equal","all","two.weeks",1547,-5892.51766461694,22.099582637838,0.0260308197851699,0.0481188262823933,0.127230414058862,0.00125087454711714,0.0466306370305788,0.0286829888638592,0.766346062087324,0.00367995660991435,0.992417586956262,0.136588368116978,0.363183502868173,0.000111021382850257,0.000360042136540244,0.636345433612437
"US","all.equal","all","two.weeks",503,-5932.88815341825,18.6732401826567,1.31755815902995e-05,0.0728396156140917,0.588979949608355,0.000622186078562686,0.113579998954723,0.0737161214907637,0.968209872453331,0.266944161476831,0.767856922518604,0.210286352386678,5.32137404895193e-06,1.79679458948367e-05,8.27665803210044e-05,0.999893944099735
"US","all.equal","all","two.weeks",792,-6063.61468132974,3.44806058987356,0.0376959958225114,0.0637238398571012,0.546038953031173,0.0160558452436598,0.0613664599214767,0.00122501760416005,0.0629317889281989,0.00382042528248048,0.802839352033748,0.997802298844283,1.81203752151077e-05,0.000506371830409728,0.0188316279927906,0.980643879801585
"US","all.equal","all","two.weeks",732,-5944.45166402847,1.52704705456667,0.000484786367672395,0.0752249942055029,0.996854069242392,0.997557742488886,0.0758610976447868,0.0168395404334472,0.0296010229143727,0.000346057229520016,0.859497078456131,0.303665235484346,0.0858285283232428,0.000100765755230372,0.00712258911940057,0.906948116802126
"US","all.equal","all","two.weeks",1536,-5926.37829678355,5.45974602812828,0.0262690419017207,0.0616913107922553,0.0757282379422185,0.965003176276938,0.0618155435451441,0.000296436825975408,0.999981843876176,0.0127943004890569,0.965841303721105,0.00888885776593343,0.0446345177592996,8.99987156204857e-05,0.000168368426186885,0.955107115098893
"US","all.equal","all","two.weeks",834,-5946.41760070944,1.03618936070142,0.017582286889853,0.0303730559438313,0.918845151846471,0.0161875310436106,0.0310725221248239,0.00318784440599956,0.00798925491003013,0.000546628242189783,1.02416069351736,0.394759338304973,0.0045137158542257,0.00435894340650231,0.00100314406073756,0.990124196678534
"US","all.equal","all","two.weeks",1896,-5935.93294327358,11.5462795032659,0.00571869769080721,0.0302950218402262,0.0842808461946787,0.00266050692786474,0.0305527059217789,0.010454772550004,0.00010880086833953,0.128611821797093,1.10214371674935,0.00316557667644222,0.000784769069396247,3.55209065291479e-05,0.228411747028215,0.770767962995859
"US","all.equal","all","two.weeks",1682,-6190.95137177325,18.0803321790344,0.00698676560147957,0.0177621231156516,0.207175058040265,0.0345213480510334,0.0176768215669105,0.0396763182634535,0.0411325910942087,0.207594831928753,1.00332548437919,0.00797104978783398,0.999615094489513,4.02350449706461e-06,0.000311768334010422,6.91136719792834e-05
"US","all.equal","all","two.weeks",1302,-5929.22541571022,5.81340017227828,0.00218784629439159,0.00764490608599843,0.845441169254117,0.687085222067037,0.00837552681211017,0.279063843020467,0.00567937008454023,0.00203876619246099,1.67758093132896,0.387529002244137,0.00138630530508038,0.00442060733765628,0.0419992397851078,0.952193847572156
"US","all.equal","all","two.weeks",366,-5970.07424802161,24.0783124568363,0.00423648904256032,0.0432293959237684,0.999997464348536,0.165313225398548,0.0446513291369377,0.0176354655047795,0.409779885322526,0.104175414553894,1.12094648902732,0.982996927686704,0.999900159741271,1.56758731476062e-06,9.59123651004066e-05,2.36030631361187e-06
"US","all.equal","all","two.weeks",308,-5921.11276538605,1.89718507885968,6.54441605001367e-05,0.0471593739495856,0.00502040491482175,0.226266109108725,0.081187271199486,0.0623475612369363,0.0447740355448128,0.0159798928561933,1.14208475141385,0.997209268049796,0.576347089072491,7.56783606488675e-05,9.00212389745668e-05,0.423487211327885
"US","all.equal","all","two.weeks",1994,-5899.50107171536,1.65329777206892,0.0152424869183707,0.0394881546181023,0.599255722828759,0.0366834690255213,0.0403718390503037,0.00300017607578624,0.0288512682023722,0.00289909849512908,1.08795735751781,0.364361217908707,0.0013800117793306,0.000422655816772016,0.0606621913522124,0.937535141051685
"US","all.equal","all","two.weeks",735,-6012.65356927999,5.60721526675719,0.00101590470534321,0.0507585635028065,0.851905432851763,0.000616050645453824,0.0497931712684797,4.56772814167975e-05,0.915309480034316,0.00946554961300591,0.874063866718259,0.961137392043068,0.00343838374012526,0.00034829453498067,0.000350842738700838,0.995862478986193
"US","all.equal","all","two.weeks",797,-5894.97711633385,12.6070375966962,0.00893254267807536,0.0409004032335164,0.00012302662859334,0.985026494601495,0.0434589259962884,0.026707094694355,0.00222571235382288,0.0928414235532163,1.11784854453438,0.999291160241879,1.9630794194627e-06,5.35931187649398e-05,5.10327108340153e-06,0.999939340530732
"US","all.equal","all","two.weeks",871,-5842.31030274277,16.3991254988037,0.000844757890005081,0.0566996954714385,0.97688381007825,0.25483439362148,0.0582959955703678,0.108938823894036,0.775460906564623,0.0064114141329709,1.03176355577637,0.16953525250916,0.998965365889854,8.22868308934322e-06,2.80025944836739e-06,0.00102360516760842
"US","all.equal","all","two.weeks",685,-5823.61660949243,1.12374045945445,0.0187192214166039,0.0332995092054099,0.00158658169801203,0.478247277199012,0.0331233601476102,0.142625631296412,0.493602982600726,0.0145631253055813,1.15172824388991,0.250166823798687,8.17547976955684e-05,7.7404155657573e-06,0.00039330927439529,0.999517195512343
"US","all.equal","all","two.weeks",59,-5858.7537780982,22.1370410514425,0.0183989504863913,0.0479629716809174,0.0216978267580609,0.710743269479034,0.0512207994208189,0.0596928074786989,0.932443369208102,0.000212991982987725,1.01587042864007,0.250659023432274,0.00825874864512132,0.00380184839208019,0.00139414347072295,0.986545259492075
"US","all.equal","all","two.weeks",949,-5987.64963999644,3.40664993599659,0.00309426220833702,0.00874305817495963,0.0109374029988271,0.993009428763012,0.00982439229468941,0.0019997357311954,0.00151230303217338,0.00331266887101355,1.56948594395771,0.613415689667589,0.00666901190443643,0.00637048545222401,0.00735789118716504,0.979602611456174
"US","all.equal","all","two.weeks",1794,-6009.98295567663,33.4282422726055,0.0120027907190193,0.0830295066733053,0.0121661094594104,0.0144812962769304,0.083923503086854,0.0241188137588601,0.0881464582879645,0.00123908840973541,0.759112372964962,0.192759920516143,0.000902112875272362,0.00297011224858804,0.0066994898569499,0.98942828501919
"US","all.equal","all","two.weeks",886,-5883.94680801184,4.20729562162484,0.0102966554687146,0.0426931518984846,0.0940821217440954,0.151755006718292,0.0444753873510964,0.0406075833389171,0.859399326477768,0.000657214655721073,1.06895501522447,0.0044997486820241,0.000694428840502823,0.00276213224744674,0.00659264560791968,0.989950793304131
"US","all.equal","all","two.weeks",1478,-5852.65133026348,1.14630575324173,3.99889140822457e-05,0.0263714913186335,0.796219646898375,0.00054302555840204,0.0358086206557591,0.15472967855648,0.904730736409833,0.0577705857320209,1.24428806559118,0.403612175167186,0.000794348832961058,0.000100031331106738,0.00135020323721453,0.997755416598718
"US","all.equal","all","two.weeks",160,-5856.0789558517,15.2709447368613,0.0129657598138258,0.0371647466610261,0.642280221204732,0.0273757660666495,0.039804000804488,0.0652931276305324,0.000281812804544016,0.0435498521326759,1.09149826122082,0.217614912698528,0.00146901145091692,6.15215091407899e-06,0.974624977424464,0.0238998589737048
"US","all.equal","all","two.weeks",1415,-5890.87574866926,1.52368538197943,0.00108991129265604,0.0245519028365526,0.430981479963223,0.835086800738585,0.0261465519773391,0.203064828370662,0.879231469087041,0.458407479349251,1.30594058915004,0.277140442710103,6.90506531274239e-08,6.21313476876371e-06,4.39023057539656e-06,0.999989327584003
"US","all.equal","all","two.weeks",954,-5900.98050240387,16.6878654114321,0.00011713636450657,0.0239927131735379,0.845949345786062,0.00261535929395271,0.0269009641585156,0.00492227058470686,0.999436447378367,0.0373185877479674,1.25522391189593,0.813399185880278,0.000144017099757254,0.000462456227066083,0.00135633901818232,0.998037187654994
"US","all.equal","all","two.weeks",607,-6045.69529284242,0.839613307786038,0.0211786023939078,0.0622690561295438,0.0269903531602205,0.572428339081623,0.0619100369145909,0.13046121949235,0.995239844799017,0.213015924391948,0.848794729033702,0.287532721505906,4.20313997643869e-05,9.38723020465987e-05,4.64783044996184e-06,0.999859448467739
"US","all.equal","all","two.weeks",1450,-5881.89312007593,0.825762647956872,2.56468140680404e-06,0.0244731064508421,0.569460391266621,0.199620483632478,0.0787323774678649,9.69014073472215e-05,0.395542101824551,0.00293135370716757,1.34933784005059,0.0189377537263358,0.0130194588406549,7.7792699369041e-05,0.00141871470757713,0.985484033752399
"US","all.equal","all","two.weeks",690,-5918.93014166203,17.7421187904374,0.00955314866495319,0.0465697928157429,0.0216999777896631,0.000873429170993187,0.0476326641914969,0.0290859887312817,0.696745297883849,0.482383562727032,0.942012250122536,0.110113038052802,0.0010848921275942,8.47759604484974e-06,3.69586931961947e-07,0.998906260689429
"US","all.equal","all","two.weeks",803,-5939.82026614388,7.91524662354177,0.00790036581418054,0.0619673991478432,0.259696227672711,0.0239646748380221,0.0671963405043011,0.00704660123711517,0.0015617878098023,0.000259127861944882,0.926703563033868,0.324247862212479,0.854532034508524,0.00161876380152312,0.077112268856,0.0667369328339531
"US","all.equal","all","two.weeks",1837,-5855.87067047398,24.1246738776668,0.00897580103715312,0.0333558947644906,0.899864696339521,0.00716337324644612,0.0343637632334706,0.0104920819422638,0.0844695314058026,0.0336886655331579,1.19376680052049,0.0150306061529214,0.000103907722855526,3.98968580406718e-05,0.00147440650261617,0.998381788916488
"US","all.equal","all","two.weeks",209,-5953.68397992442,3.2962895638683,0.00224227674730461,0.01796416149954,0.00102659854331508,0.915264399139426,0.0193050506923443,0.198790882103688,8.30570904961175e-05,0.928178514062517,1.06499171025663,0.358245108735919,0.00485656183953415,3.43285849445831e-06,0.971231820860733,0.0239081844412383
"US","all.equal","all","two.weeks",1654,-6267.71326850154,0.891549639357438,0.00351268402820374,0.037675854742223,0.000901819449222895,0.208215684451025,0.0398929027573425,0.102288278753742,0.00116585862161818,0.0150155782706507,1.08701377919941,0.999079146449231,0.00403646897314931,0.00019246278346414,0.980140346229252,0.0156307220141344
"US","all.equal","all","two.weeks",1218,-6190.40946235753,54.8624966330539,0.000650358360215463,0.0606988248381941,0.265676928619763,0.0895078555103159,0.0637569379841395,0.00472795048769029,0.0999142542691756,0.906064755106236,0.857158787163121,0.0977010833307627,0.999590413185721,4.68662128798412e-06,1.9024256040777e-06,0.000402997767387337
"US","all.equal","all","two.weeks",1539,-5989.31824704127,2.12493175266624,0.000118856119163027,0.044779902663188,0.816466539564568,0.0184081385537829,0.0496787730363632,0.126127942989681,0.930030904171015,0.830402230008888,0.822307671649465,0.388702174220167,1.20868174653495e-06,2.15731561435536e-05,3.85410092159918e-05,0.999938677152894
"US","all.equal","all","two.weeks",210,-6046.67531382176,8.82738741151935,0.0312838318130814,0.0389608271132595,0.00242994501987855,0.533339861874877,0.040275385830457,0.0116024371455905,0.00116959723487009,0.00321043982205168,0.895665413448702,0.92200555302069,0.00175505861250975,0.000514545506094795,3.8559221261307e-05,0.997691836660134
"US","all.equal","all","two.weeks",234,-5945.54084567969,7.26286631138555,0.0127171136000245,0.00752668971456514,0.80603257221723,0.0891726255148685,0.00769074665608865,0.273922109829668,0.00104561535084207,0.984001255741766,1.34096179102172,0.383152198949493,0.332087023640427,1.02884935342356e-05,0.000352386241719983,0.667550301624319
"US","all.equal","all","two.weeks",1670,-5956.82758949225,4.94115226788828,0.00130240370505573,0.00583307156377688,0.137890953830554,2.66169109091954e-05,0.00625705818802303,0.288690393484424,0.0901475265918249,0.0246881609203381,1.51504616203582,0.417467247305486,1.93059357945076e-05,0.000346445678247711,0.0267691699114218,0.972865078474536
"US","all.equal","all","two.weeks",1457,-6005.19442618068,1.75255369429909,0.00259223864382877,0.0286104416633124,0.510904184470512,0.0523960153178007,0.0306863500906479,0.00583278476515526,0.258003243532292,0.00124335240421338,1.14542414264328,0.936395046600945,5.52543071929352e-05,5.21139209005327e-06,0.0513927326984868,0.94854680160223
"US","all.equal","all","two.weeks",9,-5926.67943285909,6.40282985207531,9.25823018360382e-06,0.0268112415319852,0.995919221486423,0.000129853418393412,0.0552857517195365,0.0147751902739056,0.441446411857765,0.875500240024973,1.19168042645511,0.987709305158351,7.85500689232054e-05,0.000127022461181853,0.00333274818904457,0.99646167928085
"US","all.equal","all","two.weeks",53,-5801.95098812898,33.7236271088236,0.0846019132535839,0.0565421488911004,0.220499248734647,0.00493149310076858,0.0576436390623428,0.128530414723201,0.202853123765218,0.000139460170737514,1.06020609573249,0.258626857474751,0.987280858982988,0.000562795974489322,0.0117974592199914,0.000358885822530676
"US","all.equal","all","two.weeks",981,-5855.96061804489,8.34019889179133,0.000576477330203135,0.0366702623842704,0.996009531695323,0.867391649672062,0.038028130709499,0.00388443127321389,0.318927525117773,0.0927753233237734,1.17237546316928,0.353563162672827,1.1420887243389e-06,4.42906239465978e-08,6.27420528124041e-06,0.99999253941537
"US","all.equal","all","two.weeks",1868,-6114.54637458561,8.80678958428591,0.0703113215800313,0.0553584837985034,0.0171618165402627,0.0369500644420331,0.0560376214926296,0.0031531722341362,0.881377312276042,0.0407808709831736,0.762769809398117,0.426337745421452,2.14872699759519e-06,1.00136703218494e-07,2.0546587911297e-05,0.999977204548388
"US","all.equal","all","two.weeks",1916,-6067.34606768848,2.16092694433534,0.00344912444716513,0.0488221952371163,0.155289082769881,0.00791264817249478,0.0515058489828154,0.120374274850426,0.00916841708448243,0.0057839999515933,0.997301657041171,0.262492918822807,0.00091437636584471,0.000291085832458765,0.876278525132042,0.122516012669654
"US","all.equal","all","two.weeks",1998,-6302.91674052039,4.4579869926959,0.000408022544351908,0.0505405637711237,0.75695643193611,0.0104626955591307,0.0535108830473989,0.111079285328473,0.914092308249249,0.920417394558947,0.965529983075282,0.326940743641566,0.000242801926662754,0.000528351685876102,1.83896947141562e-05,0.999210456692747
"US","all.equal","all","two.weeks",1133,-5918.8554156341,1.57260651368681,0.00793388312083207,0.0171615395896741,0.348977234183313,0.0109485685285475,0.0185786756213802,0.00334966452009986,0.0164815588959051,0.638168550634979,1.40658195675765,0.992684762484108,0.00487509320640341,1.62547198927731e-05,3.85523674556672e-05,0.995070099706248
"US","all.equal","all","two.weeks",1633,-6075.93054392792,10.3291204899828,0.000134193077156157,0.0418027152041402,0.90689903428993,0.0522298897834285,0.0534916333999374,0.0177700696665969,0.518316083091266,0.130347552762522,1.03881330685449,0.321484604431972,0.000625526312901213,3.25852361480416e-05,6.81383584597226e-06,0.999335074615105
"US","all.equal","all","two.weeks",1799,-6005.76411715613,3.87364133248372,0.00270615380174053,0.0134672395768956,0.00572092122859178,0.729513250211163,0.0149590477064855,0.00439307835683821,0.0272342726002917,0.00291397319381399,1.26752902669586,0.894590635198297,0.00103578812231292,0.00336948755245793,0.335725522751121,0.659869201574108
