Year,State,Births,Deaths,Pop
1982,Alabama,59229,35002,3925924
1982,Alaska,11146,1785,451672
1982,Arizona,52404,21969,2896090
1982,Arkansas,34325,22419,2294665
1982,California,429918,188471,24870183
1982,Colorado,55202,19649,3068025
1982,Connecticut,40143,26838,3141181
1982,Delaware,9526,5104,599565
1982,District.of.Columbia,19828,6713,636098
1982,Florida,144182,108584,10487366
1982,Georgia,91990,44179,5652656
1982,Hawaii,18734,5188,995925
1982,Idaho,19288,6957,973832
1982,Illinois,180228,100501,11432454
1982,Indiana,84014,46630,5468160
1982,Iowa,45427,26890,2887872
1982,Kansas,39910,21804,2403605
1982,Kentucky,57147,32990,3683426
1982,Louisiana,84640,35776,4359915
1982,Maine,16055,10472,1137158
1982,Maryland,57184,34098,4288914
1982,Massachusetts,77451,52946,5777189
1982,Michigan,137128,75694,9116004
1982,Minnesota,68995,32978,4134565
1982,Mississippi,45537,23283,2558332
1982,Missouri,78334,48277,4932516
1982,Montana,14236,6631,804762
1982,Nebraska,27243,14577,1583033
1982,Nevada,14400,6368,882729
1982,New.Hampshire,14147,7616,948559
1982,New.Jersey,95575,67621,7436116
1982,New.Mexico,27203,9248,1366486
1982,New.York,248145,167405,17606044
1982,North.Carolina,86603,48551,6022244
1982,North.Dakota,13622,5390,669903
1982,Ohio,165263,94473,10761581
1982,Oklahoma,57230,29350,3213698
1982,Oregon,42093,21614,2664744
1982,Pennsylvania,163198,118817,11853261
1982,Rhode.Island,13032,8988,954795
1982,South.Carolina,49287,25070,3209765
1982,South.Dakota,12722,6595,691342
1982,Tennessee,71089,40292,4646503
1982,Texas,303016,111319,15366008
1982,Utah,42761,8515,1559272
1982,Vermont,7766,4490,519544
1982,Virginia,77830,41904,5498214
1982,Washington,68988,32300,4280029
1982,West.Virginia,27937,18994,1948421
1982,Wisconsin,73932,40281,4731560
1982,Wyoming,10174,3191,507270
1982,US,3685457,1974797,231899175
1983,Alabama,58105,35560,3933838
1983,Alaska,11868,1897,490111
1983,Arizona,53466,22593,2974479
1983,Arkansas,34261,23154,2305943
1983,California,436096,188442,25398443
1983,Colorado,55015,19549,3137512
1983,Connecticut,40954,27246,3164200
1983,Delaware,9544,5012,605660
1983,District.of.Columbia,19066,6764,634223
1983,Florida,148677,113195,10764476
1983,Georgia,91704,46005,5729765
1983,Hawaii,19164,5482,1014687
1983,Idaho,18480,7241,981166
1983,Illinois,175648,102438,11411820
1983,Indiana,80813,47747,5448436
1983,Iowa,43840,27528,2869260
1983,Kansas,39409,21931,2416834
1983,Kentucky,53854,34224,3692888
1983,Louisiana,82454,36409,4398962
1983,Maine,16047,10929,1145063
1983,Maryland,57930,35056,4317920
1983,Massachusetts,77750,54291,5804093
1983,Michigan,131837,76684,9044768
1983,Minnesota,65976,33937,4140847
1983,Mississippi,43689,23942,2567091
1983,Missouri,77061,49525,4945152
1983,Montana,13739,6713,813994
1983,Nebraska,26599,14718,1584550
1983,Nevada,14166,6378,902325
1983,New.Hampshire,13680,7973,958516
1983,New.Jersey,96130,69289,7472553
1983,New.Mexico,27122,9205,1396135
1983,New.York,249382,169885,17700795
1983,North.Carolina,84566,50208,6077569
1983,North.Dakota,13197,5576,677113
1983,Ohio,159299,97551,10735643
1983,Oklahoma,55427,29438,3292987
1983,Oregon,41047,22462,2652041
1983,Pennsylvania,159416,121459,11840497
1983,Rhode.Island,13092,9307,956902
1983,South.Carolina,48484,26164,3234838
1983,South.Dakota,12515,6628,693218
1983,Tennessee,70159,41621,4658925
1983,Texas,299650,114813,15773066
1983,Utah,40612,8512,1593625
1983,Vermont,7741,4590,523511
1983,Virginia,77512,43743,5568120
1983,Washington,68073,32668,4301870
1983,West.Virginia,26872,19325,1943037
1983,Wisconsin,72132,41033,4722266
1983,Wyoming,9501,3161,510050
1983,US,3642821,2019201,233921783
1984,Alabama,58170,36536,3952400
1984,Alaska,12324,1929,515014
1984,Arizona,54862,23972,3072024
1984,Arkansas,34331,23595,2320088
1984,California,447586,195531,25881851
1984,Colorado,54569,20394,3172473
1984,Connecticut,42064,27851,3182426
1984,Delaware,9550,5098,611723
1984,District.of.Columbia,19626,6762,635294
1984,Florida,155199,115227,11055366
1984,Georgia,93770,46595,5837719
1984,Hawaii,18756,5640,1029123
1984,Idaho,17804,7251,989800
1984,Illinois,176088,100911,11415352
1984,Indiana,80095,47449,5456941
1984,Iowa,42921,27020,2857249
1984,Kansas,38935,22307,2424856
1984,Kentucky,52121,33631,3693321
1984,Louisiana,81496,35741,4402961
1984,Maine,16134,10873,1155952
1984,Maryland,59302,35466,4369622
1984,Massachusetts,79752,55332,5846449
1984,Michigan,134872,76588,9051129
1984,Minnesota,67040,33766,4158462
1984,Mississippi,43358,23939,2577540
1984,Missouri,76293,49131,4975430
1984,Montana,13866,6711,820809
1984,Nebraska,26449,14673,1588722
1984,Nevada,14769,6755,925490
1984,New.Hampshire,14075,8039,977486
1984,New.Jersey,98214,69437,7521394
1984,New.Mexico,27084,9562,1417741
1984,New.York,251863,170762,17760104
1984,North.Carolina,86626,51046,6166516
1984,North.Dakota,12729,5546,680312
1984,Ohio,159207,96996,10736395
1984,Oklahoma,53081,29343,3285285
1984,Oregon,40842,23162,2665575
1984,Pennsylvania,158548,122009,11817071
1984,Rhode.Island,13290,9435,962417
1984,South.Carolina,48296,26374,3272398
1984,South.Dakota,12328,6533,697364
1984,Tennessee,69713,42334,4686096
1984,Texas,303569,117021,16025603
1984,Utah,39390,8997,1620861
1984,Vermont,7805,4532,526832
1984,Virginia,79365,44310,5648358
1984,Washington,68080,33814,4345120
1984,West.Virginia,25504,19207,1925468
1984,Wisconsin,72763,41047,4736891
1984,Wyoming,9094,3189,504323
1984,US,3673568,2039369,235955196
1985,Alabama,58624,37603,3974101
1985,Alaska,12693,2068,533411
1985,Arizona,59320,24619,3190632
1985,Arkansas,34514,24137,2328082
1985,California,471155,201911,26488512
1985,Colorado,55440,20236,3211081
1985,Connecticut,43815,28170,3204314
1985,Delaware,9882,5475,618730
1985,District.of.Columbia,19938,6981,636435
1985,Florida,163611,121108,11368628
1985,Georgia,98033,48657,5968250
1985,Hawaii,18329,5825,1040309
1985,Idaho,17327,7115,993122
1985,Illinois,177447,102279,11405963
1985,Indiana,80957,48195,5460017
1985,Iowa,41743,27834,2828452
1985,Kansas,38500,22057,2427892
1985,Kentucky,51856,34865,3693608
1985,Louisiana,81649,37029,4410832
1985,Maine,16244,11420,1163300
1985,Maryland,61531,36620,4418431
1985,Massachusetts,83307,55593,5888059
1985,Michigan,136759,78722,9080608
1985,Minnesota,67523,34801,4185589
1985,Mississippi,42719,24691,2587595
1985,Missouri,78760,50368,5002627
1985,Montana,13217,6724,821606
1985,Nebraska,25884,14903,1584368
1985,Nevada,15216,7236,951751
1985,New.Hampshire,15308,8483,998254
1985,New.Jersey,102426,71128,7574114
1985,New.Mexico,27296,9763,1439684
1985,New.York,260289,172117,17812033
1985,North.Carolina,89980,52988,6258979
1985,North.Dakota,12734,5628,676853
1985,Ohio,161232,98941,10736928
1985,Oklahoma,51875,29782,3269949
1985,Oregon,40778,23896,2672205
1985,Pennsylvania,161951,123854,11776308
1985,Rhode.Island,13674,9647,969638
1985,South.Carolina,49510,27099,3304946
1985,South.Dakota,12056,6603,698330
1985,Tennessee,71506,43226,4717235
1985,Texas,312598,118336,16294915
1985,Utah,38443,9049,1641813
1985,Vermont,7825,4662,530151
1985,Virginia,82952,45277,5721491
1985,Washington,69297,34504,4402035
1985,West.Virginia,25259,19444,1905477
1985,Wisconsin,73302,41492,4749522
1985,Wyoming,8780,3279,499098
1985,US,3765064,2086440,238116263
1986,Alabama,58204,37718,3993162
1986,Alaska,12007,2090,544113
1986,Arizona,60800,25569,3315309
1986,Arkansas,33877,23968,2332608
1986,California,482530,203293,27149692
1986,Colorado,55556,20810,3239353
1986,Connecticut,44767,28096,3226567
1986,Delaware,10098,5631,628001
1986,District.of.Columbia,19928,7284,640289
1986,Florida,167518,123504,11682730
1986,Georgia,100151,49347,6090642
1986,Hawaii,18341,5874,1052609
1986,Idaho,16347,7388,988853
1986,Illinois,173430,103371,11390893
1986,Indiana,79286,49366,5454341
1986,Iowa,39203,27066,2789767
1986,Kansas,38083,22298,2433204
1986,Kentucky,50790,34818,3686796
1986,Louisiana,78093,36373,4407247
1986,Maine,16026,11237,1170191
1986,Maryland,62861,37358,4491956
1986,Massachusetts,83802,55803,5908572
1986,Michigan,136193,80222,9131461
1986,Minnesota,65790,35082,4205059
1986,Mississippi,41242,24429,2592534
1986,Missouri,77105,50180,5023917
1986,Montana,12431,6754,812728
1986,Nebraska,24752,14678,1573401
1986,Nevada,15787,7410,981594
1986,New.Hampshire,15630,8592,1026391
1986,New.Jersey,105916,71655,7631703
1986,New.Mexico,27062,10114,1463653
1986,New.York,264806,173540,17855619
1986,North.Carolina,90649,54609,6326197
1986,North.Dakota,11892,5289,668770
1986,Ohio,158931,99716,10731362
1986,Oklahoma,49374,29950,3249991
1986,Oregon,40093,23381,2683141
1986,Pennsylvania,162059,124395,11787507
1986,Rhode.Island,14084,9718,978176
1986,South.Carolina,49557,28141,3344298
1986,South.Dakota,11633,6579,695608
1986,Tennessee,70784,44250,4740418
1986,Texas,311006,118747,16578053
1986,Utah,37371,8939,1661876
1986,Vermont,7899,4760,534224
1986,Virginia,84350,46516,5817306
1986,Washington,68501,34253,4453602
1986,West.Virginia,24256,19868,1881152
1986,Wisconsin,71839,42114,4755750
1986,Wyoming,8005,3218,494693
1986,US,3760695,2105361,240297079
1987,Alabama,58632,37708,4017181
1987,Alaska,11540,2055,538774
1987,Arizona,63344,26969,3444621
1987,Arkansas,34023,24429,2343274
1987,California,503655,209424,27834578
1987,Colorado,54096,21093,3261010
1987,Connecticut,46986,28327,3251130
1987,Delaware,10398,5603,637508
1987,District.of.Columbia,20529,7430,639144
1987,Florida,175038,127290,12014726
1987,Georgia,103881,50199,6216909
1987,Hawaii,18689,6224,1069296
1987,Idaho,15737,7343,983879
1987,Illinois,177473,102314,11400420
1987,Indiana,78509,48906,5472984
1987,Iowa,38356,27234,2765297
1987,Kansas,37321,22113,2445357
1987,Kentucky,50606,34598,3683045
1987,Louisiana,74312,36443,4343172
1987,Maine,16111,11282,1184645
1987,Maryland,65346,38034,4571635
1987,Massachusetts,86220,55599,5941484
1987,Michigan,138917,79622,9192919
1987,Minnesota,64984,34524,4234621
1987,Mississippi,40374,24634,2588225
1987,Missouri,76909,50695,5057592
1987,Montana,11924,6613,804102
1987,Nebraska,24106,14827,1565620
1987,Nevada,16557,7884,1024508
1987,New.Hampshire,16685,8417,1056137
1987,New.Jersey,110338,72181,7682247
1987,New.Mexico,26932,10344,1479456
1987,New.York,272836,173567,17896387
1987,North.Carolina,93868,55316,6410298
1987,North.Dakota,11545,5483,660408
1987,Ohio,158870,99240,10761881
1987,Oklahoma,46778,29290,3206611
1987,Oregon,39996,24265,2700862
1987,Pennsylvania,163696,125436,11816661
1987,Rhode.Island,14669,9703,990695
1987,South.Carolina,50662,28493,3383016
1987,South.Dakota,11538,6672,695832
1987,Tennessee,72675,44919,4786279
1987,Texas,305520,120022,16635523
1987,Utah,36265,9120,1677020
1987,Vermont,7888,4768,540359
1987,Virginia,87613,46665,5938705
1987,Washington,69346,35022,4532945
1987,West.Virginia,23421,19767,1856624
1987,Wisconsin,70457,42172,4776638
1987,Wyoming,7045,3045,475750
1987,US,3813216,2123323,242487990
1988,Alabama,59918,39127,4027045
1988,Alaska,11105,2064,541504
1988,Arizona,65655,27684,3543501
1988,Arkansas,34139,24904,2344127
1988,California,533429,215485,28538528
1988,Colorado,53518,21350,3263281
1988,Connecticut,48152,28576,3275681
1988,Delaware,10959,5769,648489
1988,District.of.Columbia,21351,7664,633081
1988,Florida,183968,131044,12326923
1988,Georgia,107023,51627,6325549
1988,Hawaii,19054,6075,1081823
1988,Idaho,15563,7701,984942
1988,Illinois,181679,105250,11404558
1988,Indiana,81635,50037,5494747
1988,Iowa,38361,27869,2767561
1988,Kansas,37574,22992,2462513
1988,Kentucky,50383,35616,3680399
1988,Louisiana,74236,37601,4290471
1988,Maine,16520,11519,1204034
1988,Maryland,68083,38655,4664719
1988,Massachusetts,89958,56483,5988121
1988,Michigan,137965,80147,9220559
1988,Minnesota,66410,35447,4296514
1988,Mississippi,41269,24834,2581921
1988,Missouri,78331,50840,5084041
1988,Montana,11393,6781,799194
1988,Nebraska,24266,14872,1570938
1988,Nevada,17894,8474,1076531
1988,New.Hampshire,17053,8770,1083938
1988,New.Jersey,114585,73413,7725411
1988,New.Mexico,26686,10425,1491143
1988,New.York,281569,176315,17973645
1988,North.Carolina,97868,57641,6489369
1988,North.Dakota,11441,5664,654883
1988,Ohio,161647,100127,10802549
1988,Oklahoma,46401,30032,3165891
1988,Oregon,41345,24810,2742357
1988,Pennsylvania,166771,126028,11853242
1988,Rhode.Island,14689,9723,997406
1988,South.Carolina,53003,29428,3416448
1988,South.Dakota,11253,6579,697830
1988,Tennessee,75595,45775,4827504
1988,Texas,307563,122874,16686059
1988,Utah,37021,9224,1690185
1988,Vermont,7871,4666,549762
1988,Virginia,90291,47608,6044002
1988,Washington,71396,36338,4641797
1988,West.Virginia,22801,19794,1829578
1988,Wisconsin,70385,43032,4820818
1988,Wyoming,6768,3246,464337
1988,US,3913793,2167999,244769449
1989,Alabama,61914,39006,4034980
1989,Alaska,11524,2095,547442
1989,Arizona,67289,28212,3629959
1989,Arkansas,34618,24647,2348699
1989,California,570365,216619,29309226
1989,Colorado,52964,21144,3276660
1989,Connecticut,49341,28243,3287127
1989,Delaware,11361,5843,659194
1989,District.of.Columbia,22220,7649,628088
1989,Florida,192925,132765,12660706
1989,Georgia,111359,52258,6421599
1989,Hawaii,19428,6502,1096941
1989,Idaho,15830,7468,994027
1989,Illinois,186851,103366,11428341
1989,Indiana,83589,49094,5527092
1989,Iowa,39395,27195,2770681
1989,Kansas,37572,22287,2473223
1989,Kentucky,52748,35398,3680272
1989,Louisiana,73249,37665,4255514
1989,Maine,16874,11185,1220123
1989,Maryland,70863,38353,4734189
1989,Massachusetts,93356,53922,6024327
1989,Michigan,146677,78861,9261707
1989,Minnesota,67254,34307,4338139
1989,Mississippi,42309,25386,2577300
1989,Missouri,79866,50426,5099228
1989,Montana,11432,6755,799006
1989,Nebraska,24517,14800,1574764
1989,Nevada,19378,8649,1139274
1989,New.Hampshire,17475,8472,1105559
1989,New.Jersey,118748,71455,7740291
1989,New.Mexico,26934,10572,1505199
1989,New.York,292493,171679,18020427
1989,North.Carolina,102752,57477,6575819
1989,North.Dakota,10871,5510,645879
1989,Ohio,164894,98375,10834811
1989,Oklahoma,46379,29816,3150823
1989,Oregon,42710,24918,2791767
1989,Pennsylvania,169846,123711,11874141
1989,Rhode.Island,15377,9557,1001925
1989,South.Carolina,55115,29618,3462182
1989,South.Dakota,11108,6549,696513
1989,Tennessee,77678,45452,4860544
1989,Texas,312279,124878,16832321
1989,Utah,36544,9239,1706799
1989,Vermont,8123,4586,557960
1989,Virginia,94089,47172,6128424
1989,Washington,74030,36163,4748909
1989,West.Virginia,23118,19558,1806822
1989,Wisconsin,71578,42355,4855689
1989,Wyoming,6484,3254,457896
1989,US,4045693,2150466,247158528
1990,Alabama,62397,39381,4043643
1990,Alaska,11780,2188,549982
1990,Arizona,68887,28789,3670009
1990,Arkansas,35296,24652,2352527
1990,California,613033,214369,29829422
1990,Colorado,53748,21583,3295529
1990,Connecticut,50199,27607,3287825
1990,Delaware,11952,5764,666780
1990,District.of.Columbia,21598,7313,609615
1990,Florida,199385,134385,12952277
1990,Georgia,113940,51810,6483380
1990,Hawaii,20528,6782,1109946
1990,Idaho,16470,7452,1006693
1990,Illinois,192337,103006,11443138
1990,Indiana,86344,49569,5546819
1990,Iowa,39814,26884,2776587
1990,Kansas,37747,22279,2477805
1990,Kentucky,53545,35078,3687389
1990,Louisiana,72497,37571,4222456
1990,Maine,16859,11106,1227806
1990,Maryland,73543,38413,4784119
1990,Massachusetts,94406,53179,6018936
1990,Michigan,151870,78744,9297733
1990,Minnesota,67797,34776,4374144
1990,Mississippi,43160,25127,2575063
1990,Missouri,81416,50377,5119810
1990,Montana,11400,6861,798774
1990,Nebraska,24622,14769,1578064
1990,Nevada,21339,9318,1202941
1990,New.Hampshire,17071,8488,1109074
1990,New.Jersey,119097,70383,7735834
1990,New.Mexico,26980,10625,1515717
1990,New.York,298466,168936,18010739
1990,North.Carolina,105033,57315,6633506
1990,North.Dakota,10492,5678,638325
1990,Ohio,167950,98822,10850094
1990,Oklahoma,46683,30378,3146136
1990,Oregon,44463,25136,2843155
1990,Pennsylvania,172728,121951,11886559
1990,Rhode.Island,15904,9576,1004026
1990,South.Carolina,56516,29715,3489605
1990,South.Dakota,11065,6326,695805
1990,Tennessee,79274,46315,4880859
1990,Texas,321041,125479,17008748
1990,Utah,37294,9192,1723370
1990,Vermont,7973,4595,562489
1990,Virginia,96625,48013,6191428
1990,Washington,77776,37087,4868410
1990,West.Virginia,23638,19385,1794262
1990,Wisconsin,72395,42733,4891217
1990,Wyoming,6544,3203,453541
1990,US,4162917,2148463,248922111
1991,Alabama,61703,40063,4101607
1991,Alaska,11555,2200,570440
1991,Arizona,68029,29548,3789418
1991,Arkansas,34426,25048,2384138
1991,California,610385,215284,30482745
1991,Colorado,53955,22588,3387824
1991,Connecticut,48776,28029,3303749
1991,Delaware,11875,5928,683489
1991,District.of.Columbia,21096,7075,603671
1991,Florida,194224,136293,13371703
1991,Georgia,111717,52802,6655914
1991,Hawaii,19985,6810,1137471
1991,Idaho,16721,7719,1041649
1991,Illinois,190809,104123,11576175
1991,Indiana,85646,50148,5619615
1991,Iowa,39227,27353,2798656
1991,Kansas,36452,22505,2499627
1991,Kentucky,53536,35346,3724483
1991,Louisiana,72473,38283,4256824
1991,Maine,16428,11226,1237484
1991,Maryland,72987,38427,4868547
1991,Massachusetts,89610,53075,6019893
1991,Michigan,148467,79980,9405654
1991,Minnesota,66990,35309,4442550
1991,Mississippi,42757,25664,2601024
1991,Missouri,81076,50885,5173480
1991,Montana,11294,7014,809934
1991,Nebraska,24199,14725,1596681
1991,Nevada,21778,9963,1296406
1991,New.Hampshire,15811,8413,1110160
1991,New.Jersey,118226,70492,7817415
1991,New.Mexico,27326,11270,1555923
1991,New.York,293518,167549,18130655
1991,North.Carolina,102859,58880,6786010
1991,North.Dakota,10151,5576,636172
1991,Ohio,166978,100190,10951104
1991,Oklahoma,46824,30275,3176556
1991,Oregon,44013,25015,2929085
1991,Pennsylvania,169786,122657,11987818
1991,Rhode.Island,15518,9398,1010812
1991,South.Carolina,55512,29966,3572113
1991,South.Dakota,11060,6644,704009
1991,Tennessee,78829,46309,4968973
1991,Texas,322065,126795,17405312
1991,Utah,36985,9651,1780280
1991,Vermont,7590,4563,568691
1991,Virginia,94572,49129,6303660
1991,Washington,78346,37073,5026490
1991,West.Virginia,23448,19964,1799502
1991,Wisconsin,71391,43137,4967147
1991,Wyoming,6358,3159,459330
1991,US,4115342,2169518,253088068
1992,Alabama,61246,39352,4155699
1992,Alaska,11597,2303,589389
1992,Arizona,68772,31055,3917373
1992,Arkansas,33793,24956,2416429
1992,California,602035,215847,30992952
1992,Colorado,54751,22440,3496821
1992,Connecticut,47535,28254,3301385
1992,Delaware,11361,5941,695038
1992,District.of.Columbia,19958,7110,600028
1992,Florida,192023,139723,13654211
1992,Georgia,112292,52992,6820520
1992,Hawaii,19949,6968,1159490
1992,Idaho,17229,7877,1072047
1992,Illinois,188164,102118,11698413
1992,Indiana,83916,49964,5675757
1992,Iowa,38664,26593,2819049
1992,Kansas,36500,22185,2533409
1992,Kentucky,52719,35033,3766660
1992,Louisiana,70902,37642,4294771
1992,Maine,15716,11158,1238753
1992,Maryland,71855,38891,4924464
1992,Massachusetts,88726,53878,6030816
1992,Michigan,142569,79079,9481313
1992,Minnesota,65536,35037,4496148
1992,Mississippi,42153,25259,2624678
1992,Missouri,78720,50988,5218259
1992,Montana,11239,7068,825876
1992,Nebraska,23642,14644,1612239
1992,Nevada,22155,10277,1352217
1992,New.Hampshire,15393,8545,1117966
1992,New.Jersey,116741,70868,7882245
1992,New.Mexico,27510,11176,1595850
1992,New.York,289044,166333,18252611
1992,North.Carolina,104301,59611,6900726
1992,North.Dakota,10112,5697,638575
1992,Ohio,163307,99120,11031225
1992,Oklahoma,46529,30510,3221404
1992,Oregon,43632,25760,2992359
1992,Pennsylvania,165290,123520,12052611
1992,Rhode.Island,15364,9469,1012667
1992,South.Carolina,54279,30638,3621983
1992,South.Dakota,11155,6697,713096
1992,Tennessee,78335,46576,5051188
1992,Texas,325104,129108,17766812
1992,Utah,38142,9772,1837837
1992,Vermont,7376,4796,572925
1992,Virginia,94607,49363,6417314
1992,Washington,78032,38162,5161525
1992,West.Virginia,23267,19720,1806776
1992,Wisconsin,69857,42242,5028141
1992,Wyoming,6334,3298,466423
1992,US,4069428,2175613,256606463
1993,Alabama,61072,41272,4216208
1993,Alaska,10924,2383,599884
1993,Arizona,68990,33321,4066852
1993,Arkansas,33173,26531,2457014
1993,California,585564,221989,31296016
1993,Colorado,54200,23746,3614735
1993,Connecticut,46756,29037,3309945
1993,Delaware,11199,6150,706719
1993,District.of.Columbia,19063,7191,597713
1993,Florida,193035,146699,13932066
1993,Georgia,111318,56099,6981614
1993,Hawaii,19650,7329,1173765
1993,Idaho,17317,8395,1108881
1993,Illinois,187461,107193,11816159
1993,Indiana,83622,52311,5741125
1993,Iowa,38113,27973,2837695
1993,Kansas,35850,23631,2557596
1993,Kentucky,51635,36869,3813296
1993,Louisiana,69474,39593,4319122
1993,Maine,14817,11695,1242424
1993,Maryland,69494,40373,4972392
1993,Massachusetts,85872,55634,6061991
1993,Michigan,138417,82570,9542498
1993,Minnesota,64517,36450,4556938
1993,Mississippi,41639,26399,2656371
1993,Missouri,77986,53746,5273201
1993,Montana,11177,7472,844978
1993,Nebraska,23389,15026,1626390
1993,Nevada,22184,11173,1411562
1993,New.Hampshire,14833,8856,1129567
1993,New.Jersey,114501,72705,7950885
1993,New.Mexico,27555,11731,1636911
1993,New.York,283328,171232,18382546
1993,North.Carolina,101663,62486,7045119
1993,North.Dakota,9930,5825,641483
1993,Ohio,159757,102696,11103679
1993,Oklahoma,45351,32422,3253331
1993,Oregon,43270,27602,3061333
1993,Pennsylvania,161493,126471,12123137
1993,Rhode.Island,14923,9786,1014973
1993,South.Carolina,52110,31963,3664533
1993,South.Dakota,10884,6782,722507
1993,Tennessee,77534,49249,5139306
1993,Texas,326267,134664,18170320
1993,Utah,38014,10465,1898909
1993,Vermont,7148,4957,577924
1993,Virginia,92499,51538,6512324
1993,Washington,77182,40473,5280598
1993,West.Virginia,23232,20404,1817927
1993,Wisconsin,68917,44506,5088947
1993,Wyoming,6224,3490,473228
1993,US,4004523,2268553,263241475
1994,Alabama,60199,41708,4262457
1994,Alaska,10566,2445,603918
1994,Arizona,70802,34298,4247728
1994,Arkansas,33367,26305,2494910
1994,California,568153,224292,31505058
1994,Colorado,54269,24250,3725509
1994,Connecticut,45664,29273,3316918
1994,Delaware,10990,6339,717867
1994,District.of.Columbia,17992,7208,591238
1994,Florida,190923,148749,14244848
1994,Georgia,111950,56571,7161196
1994,Hawaii,19519,7336,1188875
1994,Idaho,17283,8447,1145272
1994,Illinois,185946,107344,11919512
1994,Indiana,82444,52454,5794799
1994,Iowa,37418,27702,2851451
1994,Kansas,35798,23338,2581640
1994,Kentucky,51366,37156,3850039
1994,Louisiana,67915,39017,4349878
1994,Maine,14243,11674,1242842
1994,Maryland,68762,41036,5023845
1994,Massachusetts,84895,54947,6096823
1994,Michigan,136589,82943,9601374
1994,Minnesota,64193,36539,4611776
1994,Mississippi,41319,26778,2690511
1994,Missouri,76381,53785,5326464
1994,Montana,10968,7362,861438
1994,Nebraska,23230,15011,1639753
1994,Nevada,23613,11913,1499740
1994,New.Hampshire,14584,8920,1142653
1994,New.Jersey,114331,72305,8017412
1994,New.Mexico,27181,12129,1683067
1994,New.York,279086,168764,18469421
1994,North.Carolina,101838,63240,7190261
1994,North.Dakota,9790,5895,645004
1994,Ohio,156992,103262,11154945
1994,Oklahoma,44822,32299,3282213
1994,Oregon,43591,27407,3121913
1994,Pennsylvania,157982,128045,12170062
1994,Rhode.Island,14388,9408,1015892
1994,South.Carolina,50258,32274,3706500
1994,South.Dakota,10698,6743,731147
1994,Tennessee,77918,50525,5233322
1994,Texas,325521,136079,18572123
1994,Utah,39153,10473,1961072
1994,Vermont,7057,4784,584098
1994,Virginia,92934,52188,6597000
1994,Washington,75867,39960,5376439
1994,West.Virginia,22710,20152,1820782
1994,Wisconsin,67403,44441,5138097
1994,Wyoming,6064,3481,480373
1994,US,3956925,2278994,263241475
1995,Alabama,60329,42362,4298981
1995,Alaska,10244,2553,605068
1995,Arizona,72463,35342,4433841
1995,Arkansas,35175,26702,2535835
1995,California,552045,224213,31719735
1995,Colorado,54332,25011,3827609
1995,Connecticut,44334,29457,3324324
1995,Delaware,10266,6282,730099
1995,District.of.Columbia,9014,6896,582247
1995,Florida,188723,153176,14544358
1995,Georgia,112282,58387,7333169
1995,Hawaii,18595,7633,1198027
1995,Idaho,18035,8516,1177589
1995,Illinois,185812,108469,12014530
1995,Indiana,82835,53287,5852819
1995,Iowa,36810,28021,2868091
1995,Kansas,37201,23935,2602226
1995,Kentucky,52377,37201,3887959
1995,Louisiana,65641,39705,4380949
1995,Maine,13896,11754,1243566
1995,Maryland,72396,41842,5070237
1995,Massachusetts,81648,55476,6141664
1995,Michigan,134642,83661,9678159
1995,Minnesota,63263,37507,4661111
1995,Mississippi,41344,27026,2724100
1995,Missouri,73028,54402,5379909
1995,Montana,11142,7629,876886
1995,Nebraska,23243,15267,1657690
1995,Nevada,25056,12526,1581963
1995,New.Hampshire,14665,9227,1157515
1995,New.Jersey,114828,74087,8085139
1995,New.Mexico,26920,12545,1720613
1995,New.York,271369,168382,18534018
1995,North.Carolina,101592,64918,7347430
1995,North.Dakota,8476,5975,648019
1995,Ohio,154064,105940,11205299
1995,Oklahoma,45672,32853,3309855
1995,Oregon,42811,28214,3185037
1995,Pennsylvania,151850,127866,12201314
1995,Rhode.Island,12776,9657,1016502
1995,South.Carolina,50926,33527,3749504
1995,South.Dakota,10475,6915,738375
1995,Tennessee,73173,51302,5328891
1995,Texas,322753,137821,18967400
1995,Utah,39577,10940,2014719
1995,Vermont,6783,4951,588979
1995,Virginia,92578,52940,6673422
1995,Washington,77228,40788,5482492
1995,West.Virginia,21162,20238,1823956
1995,Wisconsin,67479,45088,5190188
1995,Wyoming,6261,3720,485188
1995,US,3899589,2312132,266386596
1996,Alabama,60488,42827,4334219
1996,Alaska,10037,2582,609231
1996,Arizona,75322,36592,4589841
1996,Arkansas,36371,26534,2573244
1996,California,539433,223447,32046821
1996,Colorado,55807,25723,3921395
1996,Connecticut,44469,29560,3337947
1996,Delaware,10155,6503,741330
1996,District.of.Columbia,8390,6624,573994
1996,Florida,189392,153443,14860585
1996,Georgia,114043,58754,7506543
1996,Hawaii,18401,7948,1205599
1996,Idaho,18625,8714,1203432
1996,Illinois,183180,106092,12109540
1996,Indiana,83513,52969,5908417
1996,Iowa,37139,27840,2880950
1996,Kansas,36651,23902,2615563
1996,Kentucky,52706,37272,3920721
1996,Louisiana,65204,39586,4401947
1996,Maine,13774,11741,1249196
1996,Maryland,71533,41955,5113159
1996,Massachusetts,80276,55331,6180890
1996,Michigan,133387,83622,9761416
1996,Minnesota,63700,37184,4713977
1996,Mississippi,40987,26682,2749883
1996,Missouri,73832,53910,5434012
1996,Montana,10856,7707,886342
1996,Nebraska,23286,15484,1674423
1996,Nevada,26125,13185,1666989
1996,New.Hampshire,14520,9395,1174827
1996,New.Jersey,114306,73205,8153445
1996,New.Mexico,27228,12481,1753127
1996,New.York,263963,164395,18601063
1996,North.Carolina,104470,66293,7505290
1996,North.Dakota,8347,6011,650563
1996,Ohio,151692,105202,11244913
1996,Oklahoma,46193,33119,3341657
1996,Oregon,43658,28913,3248377
1996,Pennsylvania,148338,129280,12225148
1996,Rhode.Island,12652,9546,1020486
1996,South.Carolina,51117,34053,3797265
1996,South.Dakota,10473,6797,742683
1996,Tennessee,73754,51419,5419660
1996,Texas,330406,139962,19352289
1996,Utah,42087,11112,2069474
1996,Vermont,6767,4870,593894
1996,Virginia,92354,53505,6754598
1996,Washington,77945,42256,5572322
1996,West.Virginia,20750,20420,1823203
1996,Wisconsin,67106,45141,5236721
1996,Wyoming,6286,3602,488168
1996,US,3891494,2314690,269540779
1997,Alabama,60914,43258,4370490
1997,Alaska,9947,2575,613530
1997,Arizona,75699,37066,4739994
1997,Arkansas,36478,27844,2602253
1997,California,524840,224592,32514514
1997,Colorado,56533,25626,4018882
1997,Connecticut,43109,29415,3349822
1997,Delaware,10253,6510,751824
1997,District.of.Columbia,7927,6129,569116
1997,Florida,192383,154497,15194344
1997,Georgia,118221,59351,7691435
1997,Hawaii,17393,7892,1213103
1997,Idaho,18582,8976,1228543
1997,Illinois,180803,102914,12192249
1997,Indiana,83436,53130,5956292
1997,Iowa,36659,27694,2891288
1997,Kansas,37289,23750,2636018
1997,Kentucky,53203,37998,3953242
1997,Louisiana,66025,40006,4424355
1997,Maine,13669,11993,1254858
1997,Maryland,70215,41794,5156659
1997,Massachusetts,80364,54685,6227915
1997,Michigan,133714,83301,9811768
1997,Minnesota,64499,36913,4764459
1997,Mississippi,41533,27503,2778557
1997,Missouri,74037,54322,5483268
1997,Montana,10849,7769,890120
1997,Nebraska,23319,15282,1686860
1997,Nevada,26911,13380,1764495
1997,New.Hampshire,14313,9458,1189380
1997,New.Jersey,113279,72137,8222708
1997,New.Mexico,26871,12653,1775156
1997,New.York,257238,158653,18668538
1997,North.Carolina,107015,66022,7660857
1997,North.Dakota,8353,5893,649952
1997,Ohio,152033,105345,11279094
1997,Oklahoma,48269,33944,3374534
1997,Oregon,43809,28771,3304834
1997,Pennsylvania,144224,127925,12229931
1997,Rhode.Island,12455,9820,1024948
1997,South.Carolina,52214,33690,3860744
1997,South.Dakota,10173,6865,744434
1997,Tennessee,74478,52665,5501676
1997,Texas,333974,142776,19752039
1997,Utah,43059,11578,2120359
1997,Vermont,6607,5053,597414
1997,Virginia,91862,53852,6831731
1997,Washington,78190,41463,5675818
1997,West.Virginia,20730,20881,1819689
1997,Wisconsin,66557,44891,5272971
1997,Wyoming,6387,3745,489618
1997,US,3880894,2314245,272776678
1998,Alabama,62074,43950,4408398
1998,Alaska,9926,2571,620503
1998,Arizona,78243,38300,4886250
1998,Arkansas,36865,27510,2627564
1998,California,521661,226954,33021362
1998,Colorado,59577,26640,4118190
1998,Connecticut,43820,29710,3366615
1998,Delaware,10578,6578,763841
1998,District.of.Columbia,7686,6054,566630
1998,Florida,195637,158167,15496518
1998,Georgia,122368,60428,7870311
1998,Hawaii,17583,8091,1217209
1998,Idaho,19391,9155,1252682
1998,Illinois,182588,104480,12281911
1998,Indiana,85122,53477,6001025
1998,Iowa,37282,28362,2903589
1998,Kansas,38422,24057,2661727
1998,Kentucky,54329,37832,3987167
1998,Louisiana,66888,40337,4443537
1998,Maine,13733,12135,1259375
1998,Maryland,71972,42059,5205894
1998,Massachusetts,81411,55237,6275021
1998,Michigan,133666,85160,9851606
1998,Minnesota,65202,37195,4815103
1998,Mississippi,42939,27847,2807091
1998,Missouri,75358,55070,5524750
1998,Montana,10795,7981,892677
1998,Nebraska,23534,15198,1696464
1998,Nevada,28699,14464,1854096
1998,New.Hampshire,14429,9495,1206114
1998,New.Jersey,114550,71611,8293003
1998,New.Mexico,27318,12907,1794370
1998,New.York,258207,156619,18772357
1998,North.Carolina,111688,67993,7814558
1998,North.Dakota,7932,5920,647619
1998,Ohio,152794,105891,11315474
1998,Oklahoma,49461,33929,3407252
1998,Oregon,45273,29383,3354163
1998,Pennsylvania,145899,126700,12250692
1998,Rhode.Island,12599,9604,1031343
1998,South.Carolina,53877,34827,3920791
1998,South.Dakota,10288,6867,746501
1998,Tennessee,77396,53415,5573935
1998,Texas,342283,142605,20171768
1998,Utah,45165,11824,2167719
1998,Vermont,6582,4948,600704
1998,Virginia,94351,54446,6905016
1998,Washington,79663,42706,5771447
1998,West.Virginia,20747,20767,1816386
1998,Wisconsin,67450,45947,5303586
1998,Wyoming,6252,3853,490944
1998,US,3941553,2337256,276032848
1999,Alabama,62122,44806,4430141
1999,Alaska,9950,2708,624779
1999,Arizona,81145,40050,5023823
1999,Arkansas,36729,27925,2651860
1999,California,518508,229380,33499204
1999,Colorado,62167,27114,4226018
1999,Connecticut,43310,29446,3386401
1999,Delaware,10676,6666,774990
1999,District.of.Columbia,7522,6076,570213
1999,Florida,197023,163224,15759421
1999,Georgia,126717,62028,8045965
1999,Hawaii,17038,8270,1210300
1999,Idaho,19872,9579,1275674
1999,Illinois,182068,108436,12359020
1999,Indiana,86031,55303,6044969
1999,Iowa,37558,28411,2917634
1999,Kansas,38782,24472,2678338
1999,Kentucky,54403,39321,4018053
1999,Louisiana,67136,41238,4460811
1999,Maine,13616,12261,1266808
1999,Maryland,71967,43089,5254509
1999,Massachusetts,80939,55840,6317345
1999,Michigan,133607,87232,9897116
1999,Minnesota,65970,38537,4873481
1999,Mississippi,42684,28185,2828408
1999,Missouri,75432,55931,5561948
1999,Montana,10785,8128,897507
1999,Nebraska,23907,15579,1704764
1999,Nevada,29362,15082,1934718
1999,New.Hampshire,14041,9537,1222014
1999,New.Jersey,114105,73981,8359592
1999,New.Mexico,27191,13676,1808082
1999,New.York,255612,159927,18882725
1999,North.Carolina,113795,69600,7949361
1999,North.Dakota,7639,6103,644259
1999,Ohio,152584,108517,11335454
1999,Oklahoma,49010,34700,3437147
1999,Oregon,45204,29422,3393941
1999,Pennsylvania,145347,130283,12263805
1999,Rhode.Island,12366,9708,1040402
1999,South.Carolina,54948,36053,3974682
1999,South.Dakota,10524,6953,750412
1999,Tennessee,77803,53765,5638706
1999,Texas,349245,146858,20558220
1999,Utah,46290,12058,2203482
1999,Vermont,6567,4993,604683
1999,Virginia,95469,55320,7000174
1999,Washington,79586,43865,5842564
1999,West.Virginia,20728,21049,1811799
1999,Wisconsin,68208,46672,5332666
1999,Wyoming,6129,4042,491780
1999,US,3959417,2391399,279040168
2000,Alabama,63299,45062,4447100
2000,Alaska,9974,2914,626932
2000,Arizona,85273,40500,5130632
2000,Arkansas,37783,28217,2673400
2000,California,531959,229551,33871648
2000,Colorado,65438,27288,4301261
2000,Connecticut,43026,30129,3405565
2000,Delaware,11051,6875,783600
2000,District.of.Columbia,7666,6001,572059
2000,Florida,204125,164395,15982378
2000,Georgia,132644,63870,8186453
2000,Hawaii,17551,8290,1211537
2000,Idaho,20366,9563,1293953
2000,Illinois,185036,106634,12419293
2000,Indiana,87699,55469,6080485
2000,Iowa,38266,28060,2926324
2000,Kansas,39666,24717,2688418
2000,Kentucky,56029,39504,4041769
2000,Louisiana,67898,41138,4468976
2000,Maine,13603,12354,1274923
2000,Maryland,74316,43753,5296486
2000,Massachusetts,81614,56681,6349097
2000,Michigan,136171,86953,9938444
2000,Minnesota,67604,37690,4919479
2000,Mississippi,44075,28654,2844658
2000,Missouri,76463,54865,5595211
2000,Montana,10957,8096,902195
2000,Nebraska,24646,14992,1711263
2000,Nevada,30829,15261,1998257
2000,New.Hampshire,14609,9697,1235786
2000,New.Jersey,115632,74800,8414350
2000,New.Mexico,27223,13425,1819046
2000,New.York,258737,158203,18976457
2000,North.Carolina,120311,71935,8049313
2000,North.Dakota,7676,5856,642200
2000,Ohio,155472,108125,11353140
2000,Oklahoma,49782,35079,3450654
2000,Oregon,45804,29552,3421399
2000,Pennsylvania,146281,130813,12281054
2000,Rhode.Island,12505,10027,1048319
2000,South.Carolina,56114,36948,4012012
2000,South.Dakota,10345,7021,754844
2000,Tennessee,79611,55246,5689283
2000,Texas,363414,149939,20851820
2000,Utah,47353,12364,2233169
2000,Vermont,6500,5127,608827
2000,Virginia,98938,56282,7078515
2000,Washington,81036,43941,5894121
2000,West.Virginia,20865,21114,1808344
2000,Wisconsin,69326,46461,5363675
2000,Wyoming,6253,3920,493782
2000,US,4058814,2403351,281421906
2001,Alabama,60454,45316,4467634
2001,Alaska,10003,2974,633714
2001,Arizona,85597,41058,5273477
2001,Arkansas,37010,27759,2691571
2001,California,527759,234044,34479458
2001,Colorado,67007,28294,4425687
2001,Connecticut,42648,29827,3432835
2001,Delaware,10749,7112,795699
2001,District.of.Columbia,7625,5951,574504
2001,Florida,205793,167269,16356966
2001,Georgia,133526,64485,8377038
2001,Hawaii,17072,8394,1225948
2001,Idaho,20688,9753,1319962
2001,Illinois,184064,105430,12488445
2001,Indiana,86459,55198,6127760
2001,Iowa,37619,27791,2931997
2001,Kansas,38869,24647,2702162
2001,Kentucky,54658,39861,4068132
2001,Louisiana,65352,41757,4477875
2001,Maine,13759,12421,1285692
2001,Maryland,73218,43839,5374691
2001,Massachusetts,81077,56754,6397634
2001,Michigan,133427,86424,9991120
2001,Minnesota,67562,37735,4982796
2001,Mississippi,42282,28259,2852994
2001,Missouri,75464,54982,5641142
2001,Montana,10970,8265,906961
2001,Nebraska,24820,15174,1719836
2001,Nevada,31382,16285,2098399
2001,New.Hampshire,14656,9815,1255517
2001,New.Jersey,115795,74710,8492671
2001,New.Mexico,27128,14129,1831690
2001,New.York,254026,159240,19082838
2001,North.Carolina,118185,70934,8210122
2001,North.Dakota,7629,6048,639062
2001,Ohio,151570,108027,11387404
2001,Oklahoma,50118,34682,3467100
2001,Oregon,45322,30158,3467937
2001,Pennsylvania,143495,129729,12298970
2001,Rhode.Island,12713,10021,1057142
2001,South.Carolina,55756,36612,4064995
2001,South.Dakota,10483,6923,757972
2001,Tennessee,78340,55151,5750789
2001,Texas,365410,152779,21319622
2001,Utah,47959,12662,2283715
2001,Vermont,6366,5201,612223
2001,Virginia,98884,56280,7198362
2001,Washington,79570,44642,5985722
2001,West.Virginia,20428,20967,1801481
2001,Wisconsin,69072,46628,5406835
2001,Wyoming,6115,4029,494657
2001,US,4025933,2416425,284968955
2002,Alabama,58967,46069,4480089
2002,Alaska,9938,3030,642337
2002,Arizona,87837,42816,5396255
2002,Arkansas,37437,28513,2705927
2002,California,529357,234565,34871843
2002,Colorado,68418,29210,4490406
2002,Connecticut,42001,30122,3458749
2002,Delaware,11090,6861,806169
2002,District.of.Columbia,7498,5851,573158
2002,Florida,205579,167814,16689370
2002,Georgia,133300,65449,8508256
2002,Hawaii,17477,8801,1239613
2002,Idaho,20970,9923,1340372
2002,Illinois,180622,106667,12525556
2002,Indiana,85081,55396,6155967
2002,Iowa,37559,27978,2934234
2002,Kansas,39412,25021,2713535
2002,Kentucky,54233,40697,4089875
2002,Louisiana,64872,41984,4497267
2002,Maine,13559,12694,1295960
2002,Maryland,73323,43970,5440389
2002,Massachusetts,80645,56928,6417206
2002,Michigan,129967,87795,10015710
2002,Minnesota,68025,38510,5018935
2002,Mississippi,41518,28853,2858681
2002,Missouri,75251,55940,5674825
2002,Montana,11049,8506,911667
2002,Nebraska,25383,15738,1728292
2002,Nevada,32571,16927,2173791
2002,New.Hampshire,14442,9853,1269089
2002,New.Jersey,114751,74009,8552643
2002,New.Mexico,27753,14344,1855309
2002,New.York,251415,158118,19137800
2002,North.Carolina,117335,72027,8326201
2002,North.Dakota,7757,5892,638168
2002,Ohio,148720,109766,11407889
2002,Oklahoma,50387,35502,3489080
2002,Oregon,45192,31119,3513424
2002,Pennsylvania,142850,130223,12331031
2002,Rhode.Island,12894,10246,1065995
2002,South.Carolina,54570,37736,4107795
2002,South.Dakota,10698,6898,760020
2002,Tennessee,77482,56606,5795918
2002,Texas,372450,155524,21690325
2002,Utah,49182,13116,2324815
2002,Vermont,6387,5075,615442
2002,Virginia,99672,57196,7286873
2002,Washington,79028,45338,6052349
2002,West.Virginia,20712,21016,1805414
2002,Wisconsin,68560,46981,5445162
2002,Wyoming,6550,4174,500017
2002,US,4021726,2443387,287625193
2003,Alabama,59552,46716,4503491
2003,Alaska,10086,3180,648414
2003,Arizona,90967,43392,5510364
2003,Arkansas,37784,27918,2724816
2003,California,540997,239371,35253159
2003,Colorado,69339,29506,4528732
2003,Connecticut,42873,29627,3484336
2003,Delaware,11329,7070,818003
2003,District.of.Columbia,7619,5573,568502
2003,Florida,212250,168657,17004085
2003,Georgia,135979,66478,8622793
2003,Hawaii,18100,8978,1251154
2003,Idaho,21800,10380,1363380
2003,Illinois,182495,105325,12556006
2003,Indiana,86434,55968,6196638
2003,Iowa,38174,28062,2941999
2003,Kansas,39476,24593,2723004
2003,Kentucky,55236,40241,4117170
2003,Louisiana,65040,42719,4521042
2003,Maine,13855,12540,1306513
2003,Maryland,74930,44499,5496269
2003,Massachusetts,80184,56291,6422565
2003,Michigan,131094,86728,10041152
2003,Minnesota,70050,37620,5053572
2003,Mississippi,42380,28489,2868312
2003,Missouri,77045,55582,5709403
2003,Montana,11422,8467,919630
2003,Nebraska,25917,15465,1738643
2003,Nevada,33647,17858,2248850
2003,New.Hampshire,14393,9708,1279840
2003,New.Jersey,116983,73689,8601402
2003,New.Mexico,27821,14805,1877574
2003,New.York,253714,155877,19175939
2003,North.Carolina,118323,73459,8422501
2003,North.Dakota,7972,6090,638817
2003,Ohio,149679,109110,11434788
2003,Oklahoma,50981,35721,3504892
2003,Oregon,45953,30912,3547376
2003,Pennsylvania,145959,129769,12374658
2003,Rhode.Island,13209,10039,1071342
2003,South.Carolina,55649,38112,4150297
2003,South.Dakota,11027,7132,763729
2003,Tennessee,78890,57313,5847812
2003,Texas,377476,154870,22030931
2003,Utah,49860,13412,2360137
2003,Vermont,6589,5120,617858
2003,Virginia,101254,58282,7366977
2003,Washington,80489,45920,6104115
2003,West.Virginia,20935,21306,1812295
2003,Wisconsin,70040,46177,5479203
2003,Wyoming,6700,4172,503453
2003,US,4089950,2448288,290107933
2004,Alabama,59510,46121,4530729
2004,Alaska,10338,3051,659286
2004,Arizona,93663,43198,5652404
2004,Arkansas,38573,27528,2749686
2004,California,544843,232525,35574576
2004,Colorado,68503,28309,4575013
2004,Connecticut,42095,29314,3496094
2004,Delaware,11369,7143,830803
2004,District.of.Columbia,7933,5454,567754
2004,Florida,218053,169008,17415318
2004,Georgia,138849,65818,8769252
2004,Hawaii,18281,9030,1273569
2004,Idaho,22532,10028,1391802
2004,Illinois,180778,102670,12589773
2004,Indiana,87142,54211,6233007
2004,Iowa,38438,26897,2953635
2004,Kansas,39669,23818,2734373
2004,Kentucky,55720,38646,4146101
2004,Louisiana,65369,42215,4552238
2004,Maine,13944,12443,1313688
2004,Maryland,74628,43232,5546935
2004,Massachusetts,78484,54511,6412281
2004,Michigan,129776,85169,10055315
2004,Minnesota,70624,37034,5087713
2004,Mississippi,42827,27871,2889010
2004,Missouri,77765,53950,5747741
2004,Montana,11519,8094,930009
2004,Nebraska,26332,14657,1749370
2004,Nevada,35200,17929,2346222
2004,New.Hampshire,14565,10111,1290121
2004,New.Jersey,115253,71371,8634561
2004,New.Mexico,28384,14298,1903808
2004,New.York,249947,152681,19171567
2004,North.Carolina,119847,72384,8553152
2004,North.Dakota,8189,5601,644705
2004,Ohio,148954,106288,11452251
2004,Oklahoma,51306,34483,3525233
2004,Oregon,45678,30313,3569463
2004,Pennsylvania,144748,127640,12410722
2004,Rhode.Island,12779,9769,1074579
2004,South.Carolina,56590,37276,4210921
2004,South.Dakota,11338,6833,770396
2004,Tennessee,79642,55829,5910809
2004,Texas,381293,152870,22394023
2004,Utah,50670,13331,2401580
2004,Vermont,6599,4995,619920
2004,Virginia,103933,56550,7475575
2004,Washington,81747,44770,6178645
2004,West.Virginia,20880,20793,1816438
2004,Wisconsin,70146,45600,5514026
2004,Wyoming,6807,3955,509106
2004,US,4112052,2397615,292805298
2005,Alabama,60453,47090,4569805
2005,Alaska,10459,3168,666946
2005,Arizona,96199,45827,5839077
2005,Arkansas,39208,28055,2781097
2005,California,548882,237037,35827943
2005,Colorado,68944,29627,4631888
2005,Connecticut,41718,29467,3506956
2005,Delaware,11643,7472,845150
2005,District.of.Columbia,7971,5483,567136
2005,Florida,226240,170791,17842038
2005,Georgia,142200,66736,8925922
2005,Hawaii,17924,9136,1292729
2005,Idaho,23062,10556,1428241
2005,Illinois,179020,103974,12609903
2005,Indiana,87193,55675,6278616
2005,Iowa,39311,27811,2964454
2005,Kansas,39888,24682,2745299
2005,Kentucky,56444,40223,4182742
2005,Louisiana,60937,44355,4576628
2005,Maine,14112,12868,1318787
2005,Maryland,74980,43892,5592379
2005,Massachusetts,76865,53874,6403290
2005,Michigan,127706,86867,10051137
2005,Minnesota,70919,37535,5119598
2005,Mississippi,42395,29196,2905943
2005,Missouri,78618,54656,5790300
2005,Montana,11583,8528,940102
2005,Nebraska,26145,14963,1761497
2005,Nevada,37268,19029,2432143
2005,New.Hampshire,14420,10194,1298492
2005,New.Jersey,113776,71963,8651974
2005,New.Mexico,28835,14983,1932274
2005,New.York,246351,152427,19132610
2005,North.Carolina,123096,74638,8705407
2005,North.Dakota,8390,5744,646089
2005,Ohio,148388,109031,11463320
2005,Oklahoma,51801,36180,3548597
2005,Oregon,45922,31091,3613202
2005,Pennsylvania,145383,129532,12449990
2005,Rhode.Island,12697,10007,1067916
2005,South.Carolina,57711,38707,4270150
2005,South.Dakota,11462,7086,775493
2005,Tennessee,81747,57260,5991057
2005,Texas,385915,156457,22778123
2005,Utah,51556,13432,2457719
2005,Vermont,6295,5066,621215
2005,Virginia,104555,57855,7577105
2005,Washington,82703,46203,6257305
2005,West.Virginia,20836,20780,1820492
2005,Wisconsin,70984,46709,5546166
2005,Wyoming,7239,4099,514157
2005,US,4138349,2448017,295516599
2006,Alabama,63232,46977,4628981
2006,Alaska,10996,3354,675302
2006,Arizona,102429,46365,6029141
2006,Arkansas,40961,27901,2821761
2006,California,562440,237126,36021202
2006,Colorado,70751,29521,4720423
2006,Connecticut,41820,29260,3517460
2006,Delaware,11989,7204,859268
2006,District.of.Columbia,8523,5344,570681
2006,Florida,236802,170066,18166990
2006,Georgia,148633,67808,9155813
2006,Hawaii,18982,9432,1309731
2006,Idaho,24184,10613,1468669
2006,Illinois,180572,102171,12643955
2006,Indiana,88631,55622,6332669
2006,Iowa,40607,27362,2982644
2006,Kansas,40968,24553,2762931
2006,Kentucky,58250,40102,4219239
2006,Louisiana,63376,40045,4302665
2006,Maine,14151,12294,1323619
2006,Maryland,77494,43582,5627367
2006,Massachusetts,77676,53450,6410084
2006,Michigan,127483,86042,10036081
2006,Minnesota,73525,37028,5163555
2006,Mississippi,46056,28564,2904978
2006,Missouri,81385,54681,5842704
2006,Montana,12508,8472,952692
2006,Nebraska,26727,14899,1772693
2006,Nevada,40027,18872,2522658
2006,New.Hampshire,14378,10060,1308389
2006,New.Jersey,115020,70356,8661679
2006,New.Mexico,29936,15296,1962137
2006,New.York,250104,148806,19104631
2006,North.Carolina,127859,74716,8917270
2006,North.Dakota,8621,5868,649422
2006,Ohio,150593,106825,11481213
2006,Oklahoma,54016,35427,3594090
2006,Oregon,48689,31380,3670883
2006,Pennsylvania,149090,125539,12510809
2006,Rhode.Island,12372,9690,1063096
2006,South.Carolina,62171,38761,4357847
2006,South.Dakota,11919,7084,783033
2006,Tennessee,84355,56838,6088766
2006,Texas,399603,157150,23359580
2006,Utah,53504,13764,2525507
2006,Vermont,6511,5048,622892
2006,Virginia,107817,57690,7673725
2006,Washington,86876,46120,6370753
2006,West.Virginia,20931,20672,1827912
2006,Wisconsin,72340,46153,5577655
2006,Wyoming,7672,4311,522667
2006,US,4265555,2426264,298379912
2007,Alabama,64804,46696,4672840
2007,Alaska,11052,3463,680300
2007,Arizona,102981,45554,6167681
2007,Arkansas,41378,28191,2848650
2007,California,566414,233720,36250311
2007,Colorado,70809,29993,4803868
2007,Connecticut,41660,28651,3527270
2007,Delaware,12170,7327,871749
2007,District.of.Columbia,8864,5188,574404
2007,Florida,239165,168096,18367842
2007,Georgia,151137,68331,9349988
2007,Hawaii,19134,9495,1315675
2007,Idaho,25019,10822,1505105
2007,Illinois,180836,100503,12695866
2007,Indiana,89864,54000,6379599
2007,Iowa,40886,27221,2999212
2007,Kansas,42004,24491,2783785
2007,Kentucky,59368,40090,4256672
2007,Louisiana,66301,39966,4375581
2007,Maine,14120,12493,1327040
2007,Maryland,78095,43757,5653408
2007,Massachusetts,77967,52917,6431559
2007,Michigan,125261,86721,10001284
2007,Minnesota,73735,37138,5207203
2007,Mississippi,46491,28255,2928350
2007,Missouri,81930,54166,5887612
2007,Montana,12439,8624,964706
2007,Nebraska,26934,15263,1783440
2007,Nevada,41181,18687,2601072
2007,New.Hampshire,14168,10303,1312540
2007,New.Jersey,116063,69662,8677885
2007,New.Mexico,30616,15482,1990070
2007,New.York,253451,147680,19132335
2007,North.Carolina,131037,76046,9118037
2007,North.Dakota,8840,5561,652822
2007,Ohio,150879,106534,11500468
2007,Oklahoma,55065,36032,3634349
2007,Oregon,49378,31403,3722417
2007,Pennsylvania,150713,125104,12563937
2007,Rhode.Island,12376,9723,1057315
2007,South.Carolina,62875,39439,4444110
2007,South.Dakota,12261,6826,791623
2007,Tennessee,86711,57087,6175727
2007,Texas,407625,160548,23831983
2007,Utah,55130,14143,2597746
2007,Vermont,6513,5179,623481
2007,Virginia,108884,58225,7751000
2007,Washington,88978,47323,6461587
2007,West.Virginia,21994,21086,1834052
2007,Wisconsin,72784,46241,5610775
2007,Wyoming,7893,4266,534876
2007,US,4316233,2423712,301231207
2008,Alabama,64546,47707,4718206
2008,Alaska,11442,3494,687455
2008,Arizona,99442,45823,6280362
2008,Arkansas,40669,29322,2874554
2008,California,551779,234766,36604337
2008,Colorado,70031,31274,4889730
2008,Connecticut,40399,28794,3545579
2008,Delaware,12090,7622,883874
2008,District.of.Columbia,9130,5140,580236
2008,Florida,231445,170703,18527305
2008,Georgia,146603,69640,9504843
2008,Hawaii,19484,9501,1332213
2008,Idaho,25149,10962,1534320
2008,Illinois,176795,103471,12747038
2008,Indiana,88742,56752,6424806
2008,Iowa,40224,28541,3016734
2008,Kansas,41833,24975,2808076
2008,Kentucky,58375,41329,4289878
2008,Louisiana,65268,41220,4435586
2008,Maine,13609,12541,1330509
2008,Maryland,77289,43892,5684965
2008,Massachusetts,77022,53518,6468967
2008,Michigan,121127,88445,9946889
2008,Minnesota,72421,38499,5247018
2008,Mississippi,44947,28984,2947806
2008,Missouri,80963,56578,5923916
2008,Montana,12594,8913,976415
2008,Nebraska,26989,15461,1796378
2008,Nevada,39506,19335,2653630
2008,New.Hampshire,13683,10268,1315906
2008,New.Jersey,112710,70026,8711090
2008,New.Mexico,30173,16005,2010662
2008,New.York,250383,148698,19212436
2008,North.Carolina,130839,77283,9309449
2008,North.Dakota,8938,5871,657569
2008,Ohio,148821,109767,11515391
2008,Oklahoma,54781,37014,3668976
2008,Oregon,49096,31967,3768748
2008,Pennsylvania,149273,127462,12612285
2008,Rhode.Island,12048,9738,1055003
2008,South.Carolina,63071,40289,4528996
2008,South.Dakota,12071,7083,799124
2008,Tennessee,85560,58820,6247411
2008,Texas,405554,164914,24309039
2008,Utah,55634,14040,2663029
2008,Vermont,6339,5211,624151
2008,Virginia,106686,59100,7833496
2008,Washington,90321,48627,6562231
2008,West.Virginia,21501,21557,1840310
2008,Wisconsin,72261,46815,5640996
2008,Wyoming,8038,4227,546043
2008,US,4247694,2471984,304093966
2009,Alabama,62475,47470,4757938
2009,Alaska,11324,3618,698895
2009,Arizona,92798,45816,6343154
2009,Arkansas,39808,28673,2896843
2009,California,527020,232736,36961229
2009,Colorado,68628,31173,4972195
2009,Connecticut,38896,28585,3561807
2009,Delaware,11559,7534,891730
2009,District.of.Columbia,9040,4834,592228
2009,Florida,221394,169924,18652644
2009,Georgia,141377,69712,9620846
2009,Hawaii,18887,9914,1346717
2009,Idaho,23737,11098,1554439
2009,Illinois,171163,100056,12796778
2009,Indiana,86673,55973,6459325
2009,Iowa,39701,27544,3032870
2009,Kansas,41396,24024,2832704
2009,Kentucky,57551,41380,4317074
2009,Louisiana,64973,40282,4491648
2009,Maine,13470,12594,1329590
2009,Maryland,75059,43843,5730388
2009,Massachusetts,75016,52308,6517613
2009,Michigan,117294,86455,9901591
2009,Minnesota,70646,37851,5281203
2009,Mississippi,42901,28275,2958774
2009,Missouri,78905,54263,5961088
2009,Montana,12257,8730,983982
2009,Nebraska,26936,14810,1812683
2009,Nevada,37612,19224,2684665
2009,New.Hampshire,13377,10100,1316102
2009,New.Jersey,110331,68277,8755602
2009,New.Mexico,29000,15643,2036802
2009,New.York,248110,146475,19307066
2009,North.Carolina,126845,77117,9449566
2009,North.Dakota,9001,5914,664968
2009,Ohio,144841,107156,11528896
2009,Oklahoma,54553,35601,3717572
2009,Oregon,47132,31636,3808600
2009,Pennsylvania,146434,124780,12666858
2009,Rhode.Island,11442,9395,1053646
2009,South.Carolina,60620,40449,4589872
2009,South.Dakota,11934,6923,807067
2009,Tennessee,82211,58288,6306019
2009,Texas,401977,163249,24801761
2009,Utah,53887,14138,2723421
2009,Vermont,6110,5034,624817
2009,Virginia,105059,58653,7925937
2009,Washington,89313,48270,6667426
2009,West.Virginia,21268,21386,1847775
2009,Wisconsin,70843,45697,5669264
2009,Wyoming,7881,4283,559851
2009,US,4130665,2437163,306771529
2010,Alabama,60050,48038,4779736
2010,Alaska,11471,3728,710231
2010,Arizona,87477,46762,6392017
2010,Arkansas,38540,28916,2915918
2010,California,510198,234012,37253956
2010,Colorado,66355,31465,5029196
2010,Connecticut,37708,28692,3574097
2010,Delaware,11364,7706,897934
2010,District.of.Columbia,9165,4672,601723
2010,Florida,214590,173791,18801310
2010,Georgia,133947,71263,9687653
2010,Hawaii,18988,9617,1360301
2010,Idaho,23198,11429,1567582
2010,Illinois,165200,99931,12830632
2010,Indiana,83940,56743,6483802
2010,Iowa,38719,27745,3046355
2010,Kansas,40649,24502,2853118
2010,Kentucky,55784,41983,4339367
2010,Louisiana,62379,40667,4533372
2010,Maine,12970,12750,1328361
2010,Maryland,73801,43325,5773552
2010,Massachusetts,72865,52583,6547629
2010,Michigan,114531,88021,9883640
2010,Minnesota,68610,38972,5303925
2010,Mississippi,40036,28965,2967297
2010,Missouri,76759,55281,5988927
2010,Montana,12060,8827,989415
2010,Nebraska,25918,15171,1826341
2010,Nevada,35934,19623,2700551
2010,New.Hampshire,12874,10201,1316470
2010,New.Jersey,106922,69495,8791894
2010,New.Mexico,27850,15931,2059179
2010,New.York,244375,146432,19378102
2010,North.Carolina,122350,78773,9535483
2010,North.Dakota,9104,5944,672591
2010,Ohio,139128,108711,11536504
2010,Oklahoma,53238,36529,3751351
2010,Oregon,45540,31890,3831074
2010,Pennsylvania,143321,124596,12702379
2010,Rhode.Island,11177,9579,1052567
2010,South.Carolina,58342,41614,4625364
2010,South.Dakota,11811,7100,814180
2010,Tennessee,79495,59578,6346105
2010,Texas,386118,166527,25145561
2010,Utah,52258,14776,2763885
2010,Vermont,6223,5380,625741
2010,Virginia,103002,59032,8001024
2010,Washington,86539,48146,6724540
2010,West.Virginia,20470,21275,1852994
2010,Wisconsin,68487,47308,5686986
2010,Wyoming,7556,4438,563626
2010,US,3999386,2468435,308745538
2011,Alabama,59354,48681,4799918
2011,Alaska,11456,3849,722713
2011,Arizona,85543,48381,6467163
2011,Arkansas,38715,29653,2939493
2011,California,502120,239942,37676861
2011,Colorado,65055,32563,5118360
2011,Connecticut,37281,29526,3589893
2011,Delaware,11257,7845,907924
2011,District.of.Columbia,9295,4589,620477
2011,Florida,213414,173976,19096952
2011,Georgia,132409,71248,9811610
2011,Hawaii,18956,9923,1377864
2011,Idaho,22305,12027,1584143
2011,Illinois,161312,101906,12860012
2011,Indiana,83701,58202,6516480
2011,Iowa,38214,28184,3065223
2011,Kansas,39642,25116,2869503
2011,Kentucky,55370,42626,4369354
2011,Louisiana,61888,40890,4575404
2011,Maine,12704,13001,1328231
2011,Maryland,73093,43745,5843603
2011,Massachusetts,73166,53710,6611923
2011,Michigan,114008,89508,9876213
2011,Minnesota,68409,39820,5348562
2011,Mississippi,39860,29278,2978162
2011,Missouri,76117,55848,6010717
2011,Montana,12069,9115,997821
2011,Nebraska,25720,15476,1842283
2011,Nevada,35296,20343,2718379
2011,New.Hampshire,12851,10823,1318473
2011,New.Jersey,105883,70558,8841243
2011,New.Mexico,27289,16452,2077756
2011,New.York,241312,149174,19519529
2011,North.Carolina,120389,79882,9650963
2011,North.Dakota,9527,5965,685476
2011,Ohio,137918,111427,11544824
2011,Oklahoma,52272,37175,3786274
2011,Oregon,45155,32788,3868031
2011,Pennsylvania,143178,128237,12744293
2011,Rhode.Island,10960,9581,1052451
2011,South.Carolina,57393,42072,4672637
2011,South.Dakota,11846,7314,824398
2011,Tennessee,79588,60541,6397634
2011,Texas,377445,168640,25646389
2011,Utah,51223,15266,2816124
2011,Vermont,6078,5433,626730
2011,Virginia,102652,60804,8110035
2011,Washington,86976,49691,6822520
2011,West.Virginia,20717,21867,1854972
2011,Wisconsin,67810,48410,5709640
2011,Wyoming,7399,4387,567725
2011,US,3953590,2515458,311663358
2012,Alabama,58448,49301,4815960
2012,Alaska,11187,3912,731089
2012,Arizona,86441,49549,6549634
2012,Arkansas,38347,30117,2950685
2012,California,503755,242554,38011074
2012,Colorado,65187,33133,5189867
2012,Connecticut,36539,29316,3593795
2012,Delaware,11023,7875,916993
2012,District.of.Columbia,9399,4650,635327
2012,Florida,213148,177291,19344156
2012,Georgia,130280,72847,9914668
2012,Hawaii,18980,10274,1391820
2012,Idaho,22963,11998,1595911
2012,Illinois,159160,102433,12870798
2012,Indiana,83227,59332,6537743
2012,Iowa,38702,28389,3076310
2012,Kansas,40341,25145,2885262
2012,Kentucky,55758,43664,4384799
2012,Louisiana,62642,42320,4603429
2012,Maine,12798,12870,1328895
2012,Maryland,72883,44477,5889651
2012,Massachusetts,72439,53177,6658008
2012,Michigan,113091,89901,9887238
2012,Minnesota,68772,40016,5380285
2012,Mississippi,38669,29544,2984945
2012,Missouri,75446,56094,6025415
2012,Montana,12118,8976,1005196
2012,Nebraska,25942,15659,1855725
2012,Nevada,34911,20785,2752565
2012,New.Hampshire,12352,10730,1321182
2012,New.Jersey,104230,70534,8873211
2012,New.Mexico,27068,16710,2083784
2012,New.York,240916,148991,19602769
2012,North.Carolina,119831,81925,9746175
2012,North.Dakota,10106,6038,702087
2012,Ohio,138483,112498,11550839
2012,Oklahoma,52751,36870,3817054
2012,Oregon,45067,32759,3899116
2012,Pennsylvania,142514,126981,12771854
2012,Rhode.Island,10926,9354,1052901
2012,South.Carolina,57155,43198,4720760
2012,South.Dakota,12104,7333,834441
2012,Tennessee,80371,61956,6454306
2012,Texas,382727,174187,26071655
2012,Utah,51465,15676,2855782
2012,Vermont,6009,5491,626444
2012,Virginia,103013,61564,8192048
2012,Washington,87463,50105,6895226
2012,West.Virginia,20827,21915,1856560
2012,Wisconsin,67295,48384,5726177
2012,Wyoming,7572,4481,576765
2012,US,3952841,2543279,313998379
2013,Alabama,58167,50189,4829479
2013,Alaska,11446,3997,736879
2013,Arizona,85600,50534,6624617
2013,Arkansas,37832,30437,2958663
2013,California,494705,248359,38335203
2013,Colorado,65007,33712,5267603
2013,Connecticut,36085,29632,3596003
2013,Delaware,10831,7967,925395
2013,District.of.Columbia,9288,4719,649165
2013,Florida,215407,181112,19582022
2013,Georgia,128748,75088,9984938
2013,Hawaii,18987,10505,1406481
2013,Idaho,22383,12434,1612011
2013,Illinois,156931,103401,12879505
2013,Indiana,83102,60716,6569102
2013,Iowa,39094,28948,3091930
2013,Kansas,38839,25414,2892821
2013,Kentucky,55686,43759,4400477
2013,Louisiana,63201,43270,4626402
2013,Maine,12776,13547,1329076
2013,Maryland,71953,45689,5931129
2013,Massachusetts,71788,54567,6706786
2013,Michigan,113489,92408,9898982
2013,Minnesota,69159,40987,5418521
2013,Mississippi,38634,30703,2990482
2013,Missouri,75296,57444,6042711
2013,Montana,12377,9511,1014314
2013,Nebraska,26095,15754,1868559
2013,Nevada,35030,21468,2786464
2013,New.Hampshire,12396,10897,1322687
2013,New.Jersey,102575,71403,8899162
2013,New.Mexico,26354,16805,2085193
2013,New.York,236980,150919,19673546
2013,North.Carolina,119002,83329,9841590
2013,North.Dakota,10599,6233,724019
2013,Ohio,138936,113258,11570022
2013,Oklahoma,53369,38384,3852415
2013,Oregon,45155,33939,3925751
2013,Pennsylvania,140921,129123,12781338
2013,Rhode.Island,10809,9792,1053033
2013,South.Carolina,56795,44582,4767894
2013,South.Dakota,12248,7099,844922
2013,Tennessee,79992,63406,6494821
2013,Texas,387340,179183,26473525
2013,Utah,50957,16366,2902663
2013,Vermont,5975,5639,627140
2013,Virginia,102147,62716,8262692
2013,Washington,86577,51264,6968006
2013,West.Virginia,20825,21843,1853231
2013,Wisconsin,66649,50026,5742854
2013,Wyoming,7644,4516,582684
2013,US,3932181,2596993,316204908
2014,Alabama,59422,50215,4843214
2014,Alaska,11392,4128,736705
2014,Arizona,86887,51538,6719993
2014,Arkansas,38511,30467,2966912
2014,California,502879,245929,38680810
2014,Colorado,65830,35237,5349648
2014,Connecticut,36285,29860,3591873
2014,Delaware,10972,8260,934948
2014,District.of.Columbia,9509,4723,659005
2014,Florida,219991,185956,19888741
2014,Georgia,130946,76887,10087231
2014,Hawaii,18550,10767,1416349
2014,Idaho,22876,12613,1633532
2014,Illinois,158556,105293,12867544
2014,Indiana,84080,60940,6595233
2014,Iowa,39687,29190,3108030
2014,Kansas,39223,25793,2899360
2014,Kentucky,56170,44838,4413057
2014,Louisiana,64497,43869,4647880
2014,Maine,12698,13510,1330719
2014,Maryland,73921,45867,5967295
2014,Massachusetts,71908,55200,6749911
2014,Michigan,114375,93914,9915767
2014,Minnesota,69904,41445,5453109
2014,Mississippi,38736,30557,2992400
2014,Missouri,75360,58320,6060930
2014,Montana,12432,9381,1022867
2014,Nebraska,26794,15978,1881145
2014,Nevada,35861,21793,2833013
2014,New.Hampshire,12302,11516,1328743
2014,New.Jersey,103305,71316,8925001
2014,New.Mexico,26052,17579,2083024
2014,New.York,238773,149944,19718515
2014,North.Carolina,120975,85367,9934399
2014,North.Dakota,11359,6184,739904
2014,Ohio,139467,114509,11594408
2014,Oklahoma,53339,38464,3877499
2014,Oregon,45556,34151,3968371
2014,Pennsylvania,142268,128434,12790565
2014,Rhode.Island,10823,9770,1054480
2014,South.Carolina,57627,45454,4828430
2014,South.Dakota,12283,7507,852561
2014,Tennessee,81602,64661,6544663
2014,Texas,399766,183912,26944751
2014,Utah,51154,16719,2941836
2014,Vermont,6130,5623,626984
2014,Virginia,103300,63598,8317372
2014,Washington,88585,52099,7054196
2014,West.Virginia,20301,22186,1848514
2014,Wisconsin,67161,50291,5758377
2014,Wyoming,7696,4666,583642
2014,US,3988076,2626418,318563456
2015,Alabama,59657,51909,4853875
2015,Alaska,11282,4316,737709
2015,Arizona,85351,54299,6817565
2015,Arkansas,38886,31617,2977853
2015,California,491748,259206,38993940
2015,Colorado,66581,36349,5448819
2015,Connecticut,35746,30535,3584730
2015,Delaware,11166,8582,944076
2015,District.of.Columbia,9578,4871,670377
2015,Florida,224269,191737,20244914
2015,Georgia,131404,79942,10199398
2015,Hawaii,18420,11053,1425157
2015,Idaho,22827,13026,1652828
2015,Illinois,158116,106872,12839047
2015,Indiana,84040,62713,6612768
2015,Iowa,39482,29600,3121997
2015,Kansas,39154,26664,2906721
2015,Kentucky,55971,46564,4424611
2015,Louisiana,64692,43716,4668960
2015,Maine,12607,14479,1329453
2015,Maryland,73616,47247,5994983
2015,Massachusetts,71492,57806,6784240
2015,Michigan,113312,95140,9917715
2015,Minnesota,69834,42800,5482435
2015,Mississippi,38394,31783,2989390
2015,Missouri,75061,59871,6076204
2015,Montana,12583,9942,1032073
2015,Nebraska,26679,16740,1893765
2015,Nevada,36298,22879,2883758
2015,New.Hampshire,12433,11984,1330111
2015,New.Jersey,103127,72271,8935421
2015,New.Mexico,25816,17685,2080328
2015,New.York,237274,153628,19747183
2015,North.Carolina,120843,89133,10035186
2015,North.Dakota,11314,6223,756835
2015,Ohio,139264,118188,11605090
2015,Oklahoma,53122,39422,3907414
2015,Oregon,45655,35705,4024634
2015,Pennsylvania,141047,132598,12791904
2015,Rhode.Island,10993,10163,1055607
2015,South.Carolina,58139,47198,4894834
2015,South.Dakota,12336,7731,857919
2015,Tennessee,81685,66570,6595056
2015,Texas,403618,189654,27429639
2015,Utah,50778,17334,2990632
2015,Vermont,5903,5919,626088
2015,Virginia,103303,65577,8367587
2015,Washington,88990,54595,7160290
2015,West.Virginia,19805,22752,1841053
2015,Wisconsin,67041,51264,5767891
2015,Wyoming,7765,4778,586555
2015,US,3978497,2712630,320896618
2016,Alabama,59151,52466,4863300
2016,Alaska,11209,4494,741894
2016,Arizona,84520,56645,6931071
2016,Arkansas,38274,31756,2988248
2016,California,488827,262240,39250017
2016,Colorado,66613,37530,5540545
2016,Connecticut,36015,30543,3576452
2016,Delaware,10992,8874,952065
2016,District.of.Columbia,9858,5037,681170
2016,Florida,225022,197313,20612439
2016,Georgia,130042,81428,10310371
2016,Hawaii,18059,10913,1428557
2016,Idaho,22482,13366,1683140
2016,Illinois,154445,107020,12801539
2016,Indiana,83091,63473,6633053
2016,Iowa,39403,29538,3134693
2016,Kansas,38053,26245,2907289
2016,Kentucky,55449,47827,4436974
2016,Louisiana,63178,44306,4681666
2016,Maine,12705,14182,1331479
2016,Maryland,73136,48824,6016447
2016,Massachusetts,71317,56961,6811779
2016,Michigan,113315,96231,9928300
2016,Minnesota,69749,43078,5519952
2016,Mississippi,37928,31741,2988726
2016,Missouri,74705,59873,6093000
2016,Montana,12282,9905,1042520
2016,Nebraska,26589,16217,1907116
2016,Nevada,36260,23902,2940058
2016,New.Hampshire,12267,12203,1334795
2016,New.Jersey,102647,73155,8944469
2016,New.Mexico,24692,18365,2081015
2016,New.York,234283,154358,19745289
2016,North.Carolina,120779,90465,10146788
2016,North.Dakota,11383,6242,757952
2016,Ohio,138085,119572,11614373
2016,Oklahoma,52592,39276,3923561
2016,Oregon,45535,35778,4093465
2016,Pennsylvania,139409,133040,12784227
2016,Rhode.Island,10798,9735,1056426
2016,South.Carolina,57342,48130,4961119
2016,South.Dakota,12275,7845,865454
2016,Tennessee,80807,67857,6651194
2016,Texas,398047,191966,27862596
2016,Utah,50464,17913,3051217
2016,Vermont,5756,5909,624594
2016,Virginia,102460,66473,8411808
2016,Washington,90505,54769,7288000
2016,West.Virginia,19079,22732,1831102
2016,Wisconsin,66615,51815,5778708
2016,Wyoming,7386,4722,585501
2016,US,3945875,2744248,323127513
2017,Alabama,58941,53238,4874747
2017,Alaska,10445,4411,739795
2017,Arizona,81872,57758,7016270
2017,Arkansas,37520,32588,3004279
2017,California,471658,268189,39536653
2017,Colorado,64382,38063,5607154
2017,Connecticut,35221,31312,3588184
2017,Delaware,10855,9178,961939
2017,District.of.Columbia,9560,4965,693972
2017,Florida,223630,203636,20984400
2017,Georgia,129243,83098,10429379
2017,Hawaii,17517,11390,1427538
2017,Idaho,22181,14011,1716943
2017,Illinois,149390,109721,12802023
2017,Indiana,82170,65597,6666818
2017,Iowa,38430,30530,3145711
2017,Kansas,36519,27063,2913123
2017,Kentucky,54752,48212,4454189
2017,Louisiana,61018,45804,4684333
2017,Maine,12298,14676,1335907
2017,Maryland,71641,49926,6052177
2017,Massachusetts,70702,58803,6859819
2017,Michigan,111426,97602,9962311
2017,Minnesota,68595,44371,5576606
2017,Mississippi,37357,32280,2984100
2017,Missouri,73034,61876,6113532
2017,Montana,11799,10200,1050493
2017,Nebraska,25821,16878,1920076
2017,Nevada,35756,24657,2998039
2017,New.Hampshire,12116,12504,1342795
2017,New.Jersey,101250,74846,9005644
2017,New.Mexico,23767,18673,2088070
2017,New.York,229737,155358,19849399
2017,North.Carolina,120125,93157,10273419
2017,North.Dakota,10737,6415,755393
2017,Ohio,136832,123648,11658609
2017,Oklahoma,50214,40452,3930864
2017,Oregon,43631,36624,4142776
2017,Pennsylvania,137745,135656,12805537
2017,Rhode.Island,10638,10157,1059639
2017,South.Carolina,57029,49441,5024369
2017,South.Dakota,12134,7996,869666
2017,Tennessee,81016,70096,6715984
2017,Texas,382050,198106,28304596
2017,Utah,48585,18035,3101833
2017,Vermont,5655,6007,623657
2017,Virginia,100391,68579,8470020
2017,Washington,87562,56995,7405743
2017,West.Virginia,18675,23276,1815857
2017,Wisconsin,64975,52681,5795483
2017,Wyoming,6903,4768,579315
2017,US,3855500,2813503,325719178